id,name,surname,login,password,phoneNumber
1,jrCTg,dzpvN,TutNe,GVBcR,NfAXBtRluo
2,adCNL,FnYWR,dsqLm,wNAwu,UPJFJUUrYo
3,LrkuN,gQtqz,KLayI,VIjiZ,hPePOEcRwW
4,AkYLr,GeuOo,ewoGf,tzjqx,upHSpryxiK
5,gOZBe,WknGF,pCuba,ejSrD,gAGbKRlnkj
6,PIsKl,BTIJB,qaevI,VrcQn,MzfGiLcdtc
7,WHuuo,ZoYTS,AsAjQ,WAKch,cInklfzTZp
8,FtVav,gXCRz,TTpih,nkwNL,GamjegNERw
9,LaCaQ,yyZLu,isQwD,xfpvf,oUrVZMhpPs
10,cnxqf,DkfZi,HKazR,ZtyFg,QzHZMPYLUo
11,BjWiC,tzwGC,rbDzH,XYZCc,WYbcZfAfGu
12,kFTsn,FkRIz,AIUxV,bAgQf,heJdMupmdm
13,FKWAP,zNOou,VIyCb,ElhqS,hARsjqVRui
14,KVeaH,RqiQk,kdYVa,plzky,ApfiQazbmb
15,xyfeK,bieOg,OYGgK,TIacl,OzVkpjOCDy
16,UtqJO,vkKxT,kDRnj,XMGjX,dpvuEOFJyp
17,OjwFL,MUcxM,sjDJe,LOtCs,YjzcaRMlUR
18,UgmNO,RALdV,tfZzK,DTCYV,dUCoobkpvr
19,ydeVE,wyxno,LdZcK,hJbYe,TVYvVQXdcq
20,LwXcZ,RhTrN,zymNf,VNpHV,MTCcXUiFkL
21,xeoWj,DFsvs,bulQP,RrxOF,QToxDyQaRO
22,COOIQ,BWJPf,rIONb,LLpdd,rSIChRMstf
23,Zjjyx,QPsDe,yRCYP,pqQwP,ncCxLDFyKt
24,judLV,LZjIM,etkwy,cZHGi,HxusgCVaFw
25,GgITi,kWlna,ksCdN,QEKBF,IchjnhcixY
26,iJOAj,FYSpI,mQNge,CcEGM,qulhyGDfnj
27,hrNPX,DHzYf,VDtdq,jqSgW,wfvqKXtITB
28,zjXip,QNaHX,ujMrR,DVhFc,lvePItSqaO
29,pBhyV,xGqIp,ZPCvI,PCZbw,EczPIVrchd
30,rWSQk,bmges,UtbPi,MgWIW,vKvjfHnkAA
31,YWiit,QkiZA,wDjDd,SANPj,xRgHlrCyzm
32,Ldhhf,IxDHb,VRNZZ,lcuXY,tYfDRBlfUT
33,NdwME,sYGgF,cmcjA,pKnhK,ZHbuIdvnCz
34,TYucO,iyeuL,lRoFf,eomPl,jlLAFgkthh
35,MgLpx,dGQaL,qQSdU,aJZIf,ItMuJFdBsj
36,VrjRt,iwmry,rLSUl,cmtrF,IuawHnBZRW
37,Eepli,ZSOBb,NMysK,nbSfU,FRTiMcIxfo
38,DcfIu,vDlUB,CGYRb,zwXpo,KuTiITIKAX
39,cYIFo,trocZ,cSvwq,IIHTE,amiPgWIejS
40,WYNXV,vWEyR,VrOXT,OOhAx,EZlnUQVvJI
41,xkglP,evtNE,WdzOs,qYzcA,HxpTteSJcY
42,VlDwC,bTONM,sSsEN,nfPmi,oYHBJtDyWl
43,RyaMR,LExTq,BxAje,JnINK,vcsobyzHDP
44,byDAG,wPZEw,JaZmq,oUDZu,BziPseEHYB
45,zSzUd,yYPHa,wqjAP,EjCpK,RCMpWcvUKX
46,UuJTF,nnzPv,VkghR,HlLeU,tsIojuuKcw
47,nIqMW,rcgrJ,fgtPN,OwChg,bRVPDUmhUo
48,HNUxs,bGUjX,LtaPM,NRkWW,jEOnqDfuWq
49,JmSid,vmMnn,mhwtk,jgEkG,GxGgJldHPf
50,klIiU,xaCyW,IKZDm,TeNag,BIiEBKxKBS
51,zDpeR,XaTri,XqzPn,eRqDv,jnObdfnlGa
52,ElTFq,AYHVk,AeAqt,SHBWB,AuGBMZmYdX
53,yRzvG,oCHQd,TgrKr,xHQwb,EJLUQwaNFC
54,CtTZo,LeCEu,nuWGm,fgsxp,ZWxnXltmee
55,aTrMv,FZrbe,OeGni,oEzkm,WWmeNSXQJM
56,hlCCH,FXdKe,OKeJe,LTTSq,TZDDXIOxsY
57,nePOX,rsYjz,kVZfU,FLFSf,iCKxFCAGeG
58,jdAmd,UGypk,fnldb,SJQlJ,DlDFmRrCQd
59,UzVIQ,GaKFj,MNjye,pBfxp,PPMnWywVHg
60,luAJx,UVSMU,epamD,ceRGI,fmtBDKQyJV
61,MVOYQ,jihiz,lPNNg,PLlCD,QOAOvHQRaV
62,FAPrY,rdGWN,VioNQ,mPHnA,smGuOCUMBi
63,nKeNL,GvImH,TNMZN,YhGlJ,CosjCRIhzh
64,DlthU,MSWtV,Znubi,sCETh,DOtdryKlwZ
65,zJHmm,PGXgQ,DQFPz,pnIBE,jaAWkBYFkE
66,xXUBT,VDxeG,lMaZV,bzEEz,HkQkFCEsmk
67,vqsiF,XyGwY,zUlYH,PdKEO,dDZAdkIHkz
68,rEWsQ,WAnSN,ZxMTn,OzugY,tgposUhBoH
69,BSpvm,ZETpK,PhQwF,hBvgk,aoLbNamXIW
70,rvqVo,TcQWC,bHKHl,pzcYl,YOhDdItitC
71,HzpkD,PLHbS,FdMvW,BYwhJ,lrqxmQDhAu
72,vqXIs,OgqMZ,sogaQ,EAXXG,jkODpkRdUR
73,EcuQX,IJuru,EpHbF,DpfpX,ADABDKyFYs
74,wadMi,cAZEL,zTHtJ,BfSoG,ZXOHWGeHle
75,ikeRG,TcIab,tXqWu,OcbXj,LvaMCfwHWA
76,AZADC,qggfc,ukJJt,IgOoP,gOtNjRZyRQ
77,bqabe,jIOaW,NmSTh,BFGPE,LIKyBdeJhC
78,vGGvP,LCkeE,taYOu,kIFuw,xHlyfYzqgX
79,JWITr,eGUdy,fBCcX,VEnza,owxYdIFZxT
80,IaXGq,LwfNN,dqrXE,WTuNN,dljNnvzUxJ
81,qYTEN,WoEQK,hLMBm,Qzwfq,jYadoeHxMe
82,kttnr,BYkgm,MLeAE,BMFZc,DTjhvJkWjQ
83,FaHfi,IlcBU,UWbyD,CNPoo,RCtPBpSvqb
84,NSaRk,yLFSb,RqXaH,FRtME,VnCYVvDBiN
85,xSGft,XFXll,FMiBa,Dhksq,udlzsXnwbu
86,FHuWw,bGZuX,tbuhw,snSAJ,ZdMivtZVWL
87,pGTJd,jjNVu,usDxn,lNlaa,XthzjhyuJy
88,GKDir,KmIKC,fsWhd,uFjrm,HQzpSGKfCf
89,RyiDh,mWlSm,kQuKY,wZxVR,hBcYAqTAxh
90,USnXe,FbzqJ,swznb,Afvay,gZongmbQoC
91,hpCgY,MZoZm,IlMPS,wLbEp,uYLPawsPFt
92,UHbKz,Pppot,ltRMh,iWRyI,XGcZaNuyrR
93,EUzoY,wlVub,stOlo,jTbgi,hdEQqqzNpx
94,DPbdC,tAYHK,gcilj,OuPSa,RhRxgThaZX
95,gPlVT,oKIAe,SLjtU,MnOfc,ZhQirJPJmv
96,qWNSN,TuvAL,DUSDJ,yUJQo,iYBkEsQlJB
97,ffZdG,QJAjY,SmKwQ,jAoDP,okhQfteiTL
98,YOJSh,CiWOT,BCdeD,DvBPC,DRosaOWxzF
99,cqBOS,bpamP,Agxdu,SRXdR,QlRhMqsQWU
100,QXriv,LXkwW,IfVSc,CTzpC,mOWREYMbQV
101,OKuWX,gojHR,CszMn,WxFVY,DagaWfjVKs
102,UEIyb,UJKUm,eHtEm,xHHFw,GonIGhmHEc
103,ieaVT,dqQNa,KfLkQ,uuipm,iokeLltpBt
104,HlBKA,wJbND,FJzRt,MProL,bKPvrnroYV
105,dWEJx,xHyrX,pkaBR,RcOju,JVFWOgIAkS
106,ECqoZ,WDsMv,UNukh,kUIMf,AJialnPJGT
107,RIYwK,QAGzq,MIJXh,DHKcP,inEkXObfGv
108,OVjgy,MAyrE,Osscf,YrLeA,ZVDTGtcode
109,ALzfv,UoOJj,oGzsK,vkRXc,muwhqImqFS
110,toqNQ,mGRzk,XrXiM,wyNts,YzAnhktTEj
111,XRWkc,bHBRp,efGbt,JpKxc,UjfeKcbLPU
112,EepSo,TkgBA,jsrAj,JoXGx,QBgvHdALgV
113,LCcvw,PcNkx,lHNnH,FBsan,bkozigcOtl
114,AbTjP,GkSEE,jJUSb,gTWws,lebAwZQpvk
115,cGrGJ,nyyjo,wyDIB,ixwNk,PUxEImlFPQ
116,GYKoC,UfBuU,VaviM,oiKet,onPPYzZagL
117,mPQQV,WfBDT,KJlju,SqxQE,hRehgntqZs
118,KqQmA,cZsbt,hqupB,EjlNe,fJqcqxsLte
119,kTPid,vrwzy,BivKn,NuCjQ,Mlhijhzdcw
120,xrKQi,htllY,nuRRW,YjRhQ,rExxFOzcen
121,YOPWd,npaEb,inGQA,MbLgc,OeOwomRZBV
122,lStBt,FjBXt,BiSoP,wAxwB,PgwbWGgnCI
123,pVoso,ciAZA,aabEs,CihsH,MgPKjLwpkP
124,pOoaM,ljDez,KghPN,aCZZD,aqkTWhXvny
125,zuodF,JBuyq,ZHVre,TdDze,CLSeNaBGre
126,USzvw,ajJOy,gghRD,EorVh,dntGRRHzaZ
127,svVyc,KPFeS,dPAGx,rVuTq,CYVLfqeewh
128,IAhEF,polnf,MzjhL,bfsDR,zEKkMcjpWD
129,xTyQj,xBQoa,CwIJz,lADPI,WRBzoqDLKz
130,xeCVF,lTIpc,IJjzP,nwgZa,CNlxLroTRX
131,qNVzJ,XFrhw,brvGU,RvDXy,JsHCfILqGa
132,bOfsl,BEghl,XFgAB,MHLSU,fhXxwTpBuu
133,FdmfJ,Aiots,XAXoT,pnmTf,DyYipUnejd
134,DVSOH,xIDrG,tVgBJ,BNTQN,CShqamrYZx
135,nGmBT,RtTla,XgBUo,sThzc,RjhIWVLSzv
136,qIfGI,Xjlwk,UGIgP,wYmLY,RzKrplWYLK
137,JKHCN,AwKiX,YLhgg,cyxHt,UVrApErsAY
138,MRfob,TTrWS,HPjEr,bdvRP,QKHoMHUGQf
139,UxGjN,sPTfX,eDQmL,jQlCd,rylqWoAHtl
140,lCCTE,cHNna,qFnRF,PYMtc,puZHdxbVkN
141,qommL,OycyB,xODsL,qMAVS,faxFZaclfl
142,oXdVS,gLldk,BLtyg,jXXsR,rKnxJJtkzS
143,GTTdw,bngPs,Songt,hZler,hpvRqHuJmQ
144,VUNMz,suaFS,GXzJy,dzgMW,ODuOqjktfG
145,giyVl,zTuXM,UBIVH,dvPjK,xHBoXtRsKZ
146,PZuXx,YCybm,MTqZS,iMvIC,AbhGZoiclk
147,IVsOK,doDBa,awLjw,hXhhI,ROyKCsxfvw
148,dsJqA,CCzzm,ypJFi,zchxT,nBtLhNvtwL
149,EcuAf,rJyaB,Ozhml,wviNh,yURkLGPwPJ
150,iVXdp,FbmcI,MdWOy,nsyJd,UyozPeIWka
151,uHlgM,buHfr,GICXp,JdGws,oyjrAjfgZN
152,xKRIg,ZOoWT,UrPXR,Pfpqh,ofqkGDuKZr
153,GjFoT,woSty,rUmor,HTuMd,rSyveJFeHv
154,HjCRY,AgnrH,uNTqV,yjQBo,YsEdOUrtat
155,ERgeY,AVMEy,BKGRG,TITmd,yPDHnJnuzN
156,mYHIv,QKcDl,LNMWD,UBZpu,kUpqhvMFtd
157,ZlwTr,SqVEF,sZZbW,aNttE,NyetOJhHzv
158,dPsyd,SbOhi,neUCJ,fcgKI,eFftxDzPGe
159,hjSwj,GNdXe,FEfTs,QgcUn,cDxFjNullE
160,PvYhL,FWvPB,QUWlk,FniDz,ZXwGTkGaIe
161,rvCwk,TTRJq,rTNqq,yJDnI,fKxrDWflfW
162,kIKZH,wlReG,ksCOf,KdpxN,DiscDqtthV
163,oCZpV,KUZlV,OmwDK,XXxLF,UhrRzOdPfJ
164,LsDEO,VfIPk,FDYIS,dxViY,wIClJprDiA
165,tYeZC,tkWLf,hbXyh,vNyXJ,hDoQXQuaoO
166,kPTBc,JzosV,xaiid,ViahL,vTdhCeYqia
167,lLSqG,PyCuV,EDZVF,sHuti,FkCOychoAU
168,VuxYF,JrdBG,WIUlf,qGkfY,ThNEdonuBz
169,vkwzb,OoqGW,NugaR,vmxCV,fffVgPfmpr
170,XioyY,gIbxV,zEIKf,wcRjC,JUGJfLZCXj
171,KUZaH,BPmWM,djfSo,njBts,EfDpiBiXyU
172,sPLSh,WhpFO,qzFHH,boAAm,pNhCKkDSin
173,xFkBB,ptktU,rHvEg,iZNmh,KODXcuUSAD
174,JJWXz,VDevU,IfLEn,kEGHP,AXkIWcQbpr
175,gBfqz,bQNvf,PTVLD,Zhifx,WywTnAmoau
176,HgdaG,ffLTa,MgkNv,ADPRM,ulhWtnqYSO
177,dPOBh,Ksxqc,WxxsE,dXkrS,JPaYUQMJlg
178,wXnMP,lDasV,unZYN,LZOOH,PhsIssXORa
179,snCyx,WuNTZ,CJmPU,LfYmj,rSBICbCQqV
180,NcINq,uSXPd,qErcz,ICQcw,FkIjwXbUla
181,NOxjd,wRDqu,LqWml,qdpYg,AaZrCygorG
182,TILTj,iUDMA,JvfFs,vXbSb,vqIPoqdmbS
183,hIHtj,duPhQ,GOnct,dGEMO,mPfCfyIvSe
184,cPcLU,littE,PJzQv,ehWZk,tBXXZPYwVO
185,zowrV,iYOOF,BIICf,NydMW,digoBPxHgu
186,wFJSC,lQfTJ,gcVsI,IYzvK,wVJtFRflBo
187,xKOoh,rXekX,hEYlW,NQPmd,UMlGWXKqgp
188,tqlZM,yEylP,MsFPe,qYMpj,KOzLSZpodE
189,nyQQT,JqGdi,tyqzP,qdGPF,WhtbGDXQlQ
190,feJFZ,YmEin,Easob,DzZqd,wDZPPvdFFS
191,SBenF,KXQut,ypjKG,BmUsz,xdACUGSRnV
192,bKcsJ,wbaGu,JIXge,KUqcl,SAMxlRUjeQ
193,vWDhx,DLDVW,JqFpr,dncrd,ACRmFInMua
194,EsYEj,bvkJi,ZObMa,lKoJP,pCVzbEOchq
195,jWRwI,dGKrX,eTvOV,mwBCs,QmgSBaudHX
196,SRYFl,yhIEw,BNTUO,uhnwU,ABPJXxAJPe
197,vTjYX,FICaU,HLnzi,uUANY,NiRuOTdjeL
198,cnohG,eknXf,HajoI,VfbgA,KjItsDDgkC
199,tuicz,vlpJw,bAUvY,bbTpB,UdXpBWyNBy
id,description
1,BKHtigZaLwrfvYcaKQOj
2,xouPJseYPlLveWKbUdvV
3,PlsXtDeLXRsezQaoyvyZ
4,DLuoYkRPZwVVAjSIhYuU
5,nljNgnJEwQKWVvZPShQy
6,NZlulXkcfLCeIueqLumu
7,RfImrsmBynFbsyGJyaTS
8,rxkDsHrnMHmNFYwcleyT
9,vADDhvYmrJTJKTiqkltR
10,THKUDdiivxeppzJVuQZs
11,YRUTFQyVCkpInmKvQSBv
12,iAVJsmeOqqvlmHZDiCnP
13,MsTuasuFbaFGKCcRgvyE
14,FWFDBkWXxdedhhJeCEYy
15,nXtLziPPftYPChkcTrKU
16,aLfqUDBlOvYaDEBbVrWL
17,TcFMaESdRSDvEgMvTITl
18,MHNxSOamHyZyDIPxZFiz
19,JYEIcjQLDpEWDpOLjPZI
20,ubBJxquWUwfoUpdMgkab
21,MpISRzvsUKeNtBkSUmmv
22,sjFcVusLSUgYwmBgMdLv
23,JPcSAzhbWeVmSbMfibgc
24,LiPSMBbaqzdPIotyehCr
25,PkQpJcTuHZUpfuNYRzTV
26,HGOUeXlhxieHDaLZxYwU
27,JllDsEfbMUIBqFhZcSlH
28,auyreSkEeNUTbcAZZlCy
29,mjpjIseCsstcAItxCCsW
30,zQnWWisuMMSGVAczTVBj
31,ucKijnvGKfPYBURwBMqZ
32,nkCjFMpAEMiUhIxWODxN
33,WDLwUhkFWuhFkOIuHYqj
34,kUkKnuPsDWGWGVFwkBWu
35,GdZUhBIAHkYtUuZaREzo
36,yfSgTzjxbUnIyohaOyMG
37,hKWpOZzYrtmClkrAckYj
38,MuymhofawNgyJnyWDmHb
39,YFcIUGQewyrExcvGnxvo
40,YmzpginBdKnjQKExGGGD
41,MvFKvqdHTknsegHvYZXd
42,GmrAGRFLdQIhzIWdqBbL
43,CchWmnVCoZXxOaESMGVy
44,CYLrZidxzoVJOdaTBZHF
45,KSLTCYtusPgpUCjsPgpF
46,IcYGfxKYAxHPXsDLkhnn
47,hGkZIFGSHNuKAbtitnoN
48,fnGiOVfqsYPozWWtjeqV
49,gOvGDDSwKzbYBtJVSBET
50,XJMeimYuCZbpZFMNGZzZ
51,wLkuSDewqglFVvAtScMY
52,epOJtiHvNmNbSgBBVPNB
53,LKxLVzWJAQNXwAJPcSXF
54,jxxOEvfLUKMwgWZhNqJv
55,ydQdLTdxihOLoPiRWmac
56,suapfOtfHwuIqELtOisa
57,lDnguaVkytEokneqSNVB
58,HFxoAWUXcLCOrelyvyBy
59,IkVZQTCIlNPpBEkQBqjs
60,GOPoUxQhgZrKqVPgdnYa
61,vyTcpiGmvgeRwokvuVma
62,UGKeduvjTzQFpsGfWDCq
63,VxXbrFnGwmoMhRfbzHSb
64,pVeZymScxKYFaKqXIbKg
65,emQGdhCQqfitNBCICFbl
66,rsstBpVZuvVNZaTUcxvV
67,PwkpLrryfRaKVPDdWFEV
68,IvPmzmKfckUvMDcdtDBo
69,PGXpjoOeeLimhwKcrNdp
70,thejoKpWpySSqCzkeYZC
71,bvejyHTbsrzLxhJRPqnf
72,SbYECKPJDWCZdVvkGSSU
73,NFRrJCLorDEHkxzGAIYK
74,OixaVaqmkxuQnyAMxNpY
75,IpFLHePMAtmayLVHjpZD
76,aHIxhFzDEAEfxGdTRMxq
77,puOXLeYVzCbhMtKHHZar
78,ANwSDzZrWiAnEVAirEpJ
79,KDRUuNnkQRsVUBkmAivx
80,GNTMEbLKQFTJPXSWfLGI
81,ggrHpbXRQkxcEWFxUmKr
82,woYHTmsztXvjBpVNqmqZ
83,lHUZRRrPgBxFNJKbXjJL
84,SIXeMZhLxYmRrVSsjtIt
85,XjwXEYjHFqvdGnVBeMHh
86,IjWvNEBOejCjFTGCRqEs
87,OuChVVHeKxvxfNmnGYAS
88,ExVpBDLGOZzcihBxrUEX
89,bytiJHJsGwSdJnGZuqJO
90,LBZxhwCcjmKfJsSLglRl
91,HQIpWGcBuRAyLsdwdTxd
92,mgFFNhZTCtrvasXmFbcT
93,RajhzAnpRKvFAHqRyPvK
94,sGEyQLPtJEyprRYaUMqk
95,kHJKEKLZTxRAdYIbiAEX
96,CEehouoKxcMdNjlzSvSE
97,hibkUteLpiyiDEtqfuYX
98,mABFDmSeKJoHikHabMPK
99,WurWvmxZdfWAHWkknuPa
100,XYbfFlOwpVMbLGiOxAQn
101,LiFuTkXXnhIlKYbCwrjA
102,LecvsYnLHYRAKSAnpRhd
103,EgtanmYySrHjdGWGqMSs
104,TgbdzaXKZQSGGMOXUZZW
105,ubgAeECmdaSYDsJbPoPL
106,OGkZrkzfzrcZiTbywUsE
107,chriqjzGGeXZVKzDXDUH
108,JxYeqyYDgCjljQcaweqW
109,MMPgeWFfZustfFECucVL
110,LbkPrnflVPiPDvEADOKW
111,KPgkvfatvmccNfiMPTpu
112,bZgFwYlYFTZDQOpOSKXn
113,WTdxueRtREVvDbHBxGWz
114,XUWsZqDmNdXkoXWvlNJG
115,cXSCCVeITBGqLWctIPrk
116,PzkjVcGGpePNaljTJqrt
117,ghLDzugVDWQDUHluTBVP
118,xvilYFEooiHrkzaFfHmp
119,aILoiXrPvXlaqxCMYatw
120,icsKMEdIasVXtdXuywkN
121,uwCoTrQOUPpzJQOAztnE
122,aAxYLCaUjcAyMqDqsbVT
123,MKffbaFqZZzATJEsdKLd
124,WmKduApUjbtGoLxpjuFs
125,QILxaXGbJUQUMYAPIQus
126,SAZOSsFAbLDQWDoaOSJg
127,gvdpZNwIzNXuCejcNmot
128,KItvZrzfFppKhydCUPSl
129,GVCBzRVLzFklUkLZhZvj
130,izffSsTHawkIUQITiQoE
131,dQZYUvXuaYQSQwJOURek
132,KwQdWHzPEWOqeeprthfw
133,jVeWIywNDccfVOTcfSCI
134,CEvMvUSEbkCRFBYVJmIE
135,HPHalRYnLIwtngfxTkKT
136,HywkHVsKkCZsqzYsMgYB
137,FRlSlJErmbxhZeOdtJQf
138,uoepiCMrDeavQBpQvcQo
139,mJqLMajiiyADHhirFYHD
140,DoLEBQQKCIdkPfusOaHz
141,lwdyjYXawgSxBoIzUfmT
142,RvWxAQrhaaeIryqRCGCm
143,kPSGHJssKCJCMDIxRXUP
144,wBcwGfWsLLPuVJwWoakb
145,gEeLwWkMVzYeIKjbQewg
146,znGqOFSHZSZvDOBgevJZ
147,SejikpahlXKTBLicFKnH
148,TWzUEjDOpzCoZYWpUIiX
149,fwoojbEYvamRNEQtgCps
150,DWtIfQBSVuVSHaklPTBh
151,KrmklpkfWuYHcfDfIErX
152,ZPrFmoYltPaCiLSKlIaC
153,BHQwwfBfGiowLCVCodcJ
154,MTTCbYjGACsluskLDMvK
155,WZlEtmodMdVjhUtdzXfi
156,hNHygVJyAqPUgXxbXKaS
157,KcllNDZePMWuwUAwpbmX
158,GYXnDOItVzWJOtlAXhir
159,LVabSzrkaWNJubYRNkuB
160,ZkbvmRRJZWHNzDhrUNNg
161,WgGpMwDjruFSsqWRsrQC
162,nRzdaiQePjmyyOetdbLq
163,RBhfUEzjWFHwcqejddtP
164,dAwmbxJJlmHRSVBTlgjs
165,wKyYlxUjZTTmsulLqAcp
166,tqdtxPdmqjGCfEEXJZWV
167,GJFphVzEMqTZcLbEjuQX
168,AunJDdzqujvBgzHAWIwh
169,FmRcWMXJfiHDTHinIbct
170,PveOlNiDheeaHmXqdcjQ
171,GfMSSGHKPCQFgMwWFqWx
172,hZMKpHxWwNjYtdAESgfh
173,HpNQbHwgdddcdirKnUqv
174,KSJpOjUDMFxtnHAUMVVf
175,pjVRkBqyUVjefsgtufCW
176,caQouUwpzQcslnNJonmT
177,axeOYlaupxQttDPrZDea
178,BUzLvjxXiZJdtjwKJrIX
179,xcpmDWFYAbtkmFankLle
180,SQpdFlqYTjxxxRSPbkRf
181,mikDoZSxhgdNVmPtIaqX
182,bFDplurXfobJHjHWubeo
183,ruovXLyddIZLgEGAoJgL
184,NPAcEUCLOGRHGXxTBWPQ
185,UyyvpItEpWsNYMAFhJGc
186,aKMjeRTIMuzaiTnQpUKT
187,ElrpWKlUmoInWexnwUJD
188,cXgCLHvzQFAHWfCDUmfg
189,iFfzjiRnKJIwSOOntxEE
190,BJQQIQgsfVCRdKWBxSqw
191,lCtmdVoxLgmKXIZepLto
192,niaJipVNkOLvzCrAoxSf
193,afOAnYUmEjJQoDcmAaeF
194,BbOHAXCcStQogpxjgieR
195,zTFaMEjXozxMkOsacCxz
196,UFiBSLDqJQXPZXenuLUj
197,fQZufshttsZJXELwKRxB
198,KJIRKnaPCAgaCpkYfPFP
199,RriJLXzzsDpTEweqqsgS
id,device_state,installation_method,level_threshold,movement_count,name,type,sound_level,water_level
1,ALARM_STATE,TxUIfvUBUG,51,72,JTXCRamPXp,LEAKS_PROTECTION,54,92
2,BATTERY_LOW,nQTlZfaCNE,91,10,CZDzmHeYLy,GLASS_PROTECTION,15,36
3,BATTERY_LOW,ASzUGaoDjI,1,68,UksINTErVA,LEAKS_PROTECTION,84,84
4,ALARM_STATE,MBOfaUJyAf,51,72,bBvFXeAOla,FIRE_PROTECTION,32,57
5,NORMAL,FCsmnGrIdG,19,17,oqhIZfyxqD,MOTION_PROTECTION,34,64
6,ALARM_STATE,BInivCucMG,32,30,PYrpOoOPYX,GLASS_PROTECTION,25,56
7,BATTERY_LOW,VigSyoATfy,52,89,ReqPMyxpcW,GLASS_PROTECTION,73,50
8,BATTERY_LOW,sfwZqNaIdG,23,71,UhcxKuKXpv,LEAKS_PROTECTION,1,55
9,BATTERY_LOW,ZoUNNVMhwq,66,65,QmZRcqzEce,LEAKS_PROTECTION,3,29
10,BATTERY_LOW,gABstRlcHr,64,24,eXoaVinUuz,LEAKS_PROTECTION,94,49
11,NORMAL,UAkkMwoELK,40,2,vPMbVuUkOy,GLASS_PROTECTION,43,9
12,ALARM_STATE,aEIOHozTQc,14,4,FeUkdJhEzq,FIRE_PROTECTION,10,93
13,BATTERY_LOW,WuDddUOHHu,10,74,MmWittGATz,GLASS_PROTECTION,24,43
14,ALARM_STATE,GpVCZemwEk,86,11,MNBRRwUQBG,MOTION_PROTECTION,75,26
15,BATTERY_LOW,kgrFPtiYSu,86,78,gThXnkyHGl,FIRE_PROTECTION,16,9
16,BATTERY_LOW,svZDZSbLgU,75,3,BTYYTPNwoo,LEAKS_PROTECTION,26,50
17,NORMAL,QeVprKWLOj,9,78,HVuUUvbSUO,FIRE_PROTECTION,72,45
18,BATTERY_LOW,tlYFZQJDGX,35,3,BIVUrVUMoZ,GLASS_PROTECTION,61,79
19,ALARM_STATE,NaWbmezhwv,43,55,BjeeFJVhdd,LEAKS_PROTECTION,57,70
20,BATTERY_LOW,lEptgrkQBo,57,14,hezameBRAY,LEAKS_PROTECTION,95,85
21,ALARM_STATE,gNOTVoBkkJ,4,29,lGWvKeJZMD,MOTION_PROTECTION,90,33
22,ALARM_STATE,HJoGSlaFbQ,62,20,yGiarmwRLt,LEAKS_PROTECTION,78,1
23,BATTERY_LOW,VjtbUsTDpz,93,40,vFbAVSqPer,MOTION_PROTECTION,77,2
24,ALARM_STATE,fstQdNENyF,39,88,TnTEAjJpcB,MOTION_PROTECTION,32,83
25,BATTERY_LOW,ZjFKZWMPYm,47,64,MHwlvnCFPK,FIRE_PROTECTION,72,83
26,NORMAL,SGcSbRhxTd,18,89,fNYNJBVMHM,FIRE_PROTECTION,34,8
27,NORMAL,VpyAKsOINr,55,13,PwpafcsWxX,LEAKS_PROTECTION,0,88
28,BATTERY_LOW,CVqXDLKdoI,14,19,hwQGNxIMwo,FIRE_PROTECTION,17,83
29,NORMAL,HSecxujmRE,25,61,LBQKaHTeJv,GLASS_PROTECTION,5,19
30,NORMAL,jVrVDWkuYT,49,30,NdiqwZDVIL,GLASS_PROTECTION,15,10
31,ALARM_STATE,OpnbJTDaIE,11,58,xfkyGnUncA,FIRE_PROTECTION,21,69
32,NORMAL,WnqBjpnhvy,23,14,rISWZAOqPC,GLASS_PROTECTION,27,96
33,ALARM_STATE,NdYnCytipp,35,85,HykJrEcIWt,MOTION_PROTECTION,19,85
34,NORMAL,euROLkTBAC,2,15,xaIgFVRKUn,FIRE_PROTECTION,14,15
35,NORMAL,ArxgxIDgwT,30,65,HYXWugaPzF,LEAKS_PROTECTION,62,51
36,BATTERY_LOW,HkeDvQQqoQ,80,13,IlQuvBuxgC,MOTION_PROTECTION,25,20
37,ALARM_STATE,ADttVmFKSQ,13,97,ubnoNNdieK,GLASS_PROTECTION,15,62
38,NORMAL,xhHnORoprz,78,20,jkdHBZQgXa,MOTION_PROTECTION,40,15
39,NORMAL,hKLnhbGRGW,97,44,auIPitKZed,LEAKS_PROTECTION,47,8
40,NORMAL,VJcWFyypgp,3,60,vCXTcuoqTO,FIRE_PROTECTION,49,34
41,ALARM_STATE,wpiJYINLAD,35,94,rGXVRMFFtP,LEAKS_PROTECTION,29,52
42,ALARM_STATE,CsqdWBLtlT,9,87,iCzrrAvoxC,LEAKS_PROTECTION,47,56
43,ALARM_STATE,SFgNBQFXbM,80,89,SRbrIUhOdP,GLASS_PROTECTION,19,91
44,BATTERY_LOW,eDRwyUXUKP,72,69,PaRUeuspIa,MOTION_PROTECTION,38,79
45,ALARM_STATE,WXHPAiyLGP,44,47,kmolsWncyP,LEAKS_PROTECTION,18,3
46,ALARM_STATE,OALCbDMgOE,44,90,AVNHrtpnzu,LEAKS_PROTECTION,19,4
47,NORMAL,KabWyuXlDA,62,62,mTJjqxzAgg,MOTION_PROTECTION,60,49
48,NORMAL,GkKTrzyIof,62,67,GCIoFXyoMB,MOTION_PROTECTION,80,51
49,BATTERY_LOW,aJiMqUBmmz,80,86,lLmXvvyimZ,MOTION_PROTECTION,18,5
50,NORMAL,fpeizbpFtn,35,34,PBLLgPdTxE,GLASS_PROTECTION,78,96
51,BATTERY_LOW,YxywVRvZmz,85,98,yeEfvlvlIm,MOTION_PROTECTION,58,8
52,NORMAL,zwNoavEtUN,25,12,XbwJxPbBwo,GLASS_PROTECTION,52,48
53,ALARM_STATE,MDGjnviDSs,27,22,EqCmHxUuxC,LEAKS_PROTECTION,18,69
54,NORMAL,NHTZFxPxGH,3,10,zHNMYyNcEU,GLASS_PROTECTION,8,68
55,BATTERY_LOW,MaAaJJJSBi,61,54,NKOmlorIRV,LEAKS_PROTECTION,49,13
56,NORMAL,UNyFBGvdFr,44,17,iosjKcWfIJ,MOTION_PROTECTION,38,52
57,ALARM_STATE,ttFfcKvRKx,70,40,SijJZxRQyO,LEAKS_PROTECTION,23,7
58,ALARM_STATE,tDOMYqAzfJ,75,30,VaTNNiOVuK,MOTION_PROTECTION,16,72
59,NORMAL,ILCJuxqqFL,45,41,OWXscRPivN,FIRE_PROTECTION,97,0
60,ALARM_STATE,abnKUHGdss,3,81,PsPcYQRFep,MOTION_PROTECTION,25,94
61,NORMAL,uVXmbceQaA,72,2,aCjyUGarbF,GLASS_PROTECTION,66,53
62,NORMAL,iOWKblkjUa,82,97,IASMoPqUzK,MOTION_PROTECTION,26,59
63,NORMAL,NMFvLSvVyr,14,26,QkntyRkRmH,FIRE_PROTECTION,40,18
64,ALARM_STATE,AuQvQWuFxH,88,70,TbnOxuNGVf,MOTION_PROTECTION,86,43
65,BATTERY_LOW,KuVfYNcKIU,61,60,LqdQzOrDTe,MOTION_PROTECTION,43,1
66,ALARM_STATE,wEpYDYYCnm,2,5,WnUTvHCpiw,LEAKS_PROTECTION,79,33
67,ALARM_STATE,WozIhiobkB,90,81,aKlegXMkLF,GLASS_PROTECTION,7,48
68,BATTERY_LOW,gNsNpBVldC,48,36,LUxXnYYOZu,GLASS_PROTECTION,30,56
69,BATTERY_LOW,nEKZPgSsMW,94,99,wxHJgiJnBZ,GLASS_PROTECTION,47,32
70,ALARM_STATE,UjpYGuIHRC,92,34,DdKFdwdYTR,MOTION_PROTECTION,73,81
71,BATTERY_LOW,VZtiSrJiod,93,34,UWCxiDaRpE,LEAKS_PROTECTION,50,49
72,ALARM_STATE,FugbcCJKhr,98,25,JTfSdqcZdA,FIRE_PROTECTION,20,29
73,NORMAL,WoEGyYEMRS,17,97,mqrUwAskVP,FIRE_PROTECTION,26,83
74,NORMAL,yIjxkeziMn,58,99,GYHoeHIoCy,FIRE_PROTECTION,49,42
75,NORMAL,ikuDRopGVP,44,90,WfDLqoqTkM,FIRE_PROTECTION,0,63
76,NORMAL,HPlhSxxefc,85,83,bTcFmvtzjd,GLASS_PROTECTION,57,66
77,ALARM_STATE,IgOhiQIGBh,15,40,MxmaRHVMwD,FIRE_PROTECTION,90,95
78,ALARM_STATE,deXMpbONBa,35,49,QXBlWhGFDO,LEAKS_PROTECTION,92,41
79,NORMAL,kvTINBCXwx,5,57,BWCmtSGYCu,LEAKS_PROTECTION,16,47
80,BATTERY_LOW,HyVmCUoSTg,64,58,sCDBQIyWXk,FIRE_PROTECTION,61,33
81,ALARM_STATE,PSwewXQnfi,36,99,hJRDcVFIlp,GLASS_PROTECTION,30,29
82,NORMAL,YMmqWFdxNg,91,98,cTQwjODUMq,GLASS_PROTECTION,27,11
83,NORMAL,jqQESOfPwm,7,3,uZsRJCLnCj,MOTION_PROTECTION,52,24
84,ALARM_STATE,uenVgnQzbH,69,4,mgGHbKzgvk,MOTION_PROTECTION,76,96
85,BATTERY_LOW,OqYeTMMyEc,64,89,OkZNgXZQtb,LEAKS_PROTECTION,45,13
86,NORMAL,FjPRSaHXbG,24,24,XJDCRGchgl,FIRE_PROTECTION,47,94
87,NORMAL,QMyacGUyIJ,5,0,xWXupgEBMO,MOTION_PROTECTION,21,87
88,NORMAL,MBEOzKjCws,52,56,ZZnqOFQZbD,LEAKS_PROTECTION,94,42
89,BATTERY_LOW,IXuxBXhfWR,59,38,oqojhmJZkJ,MOTION_PROTECTION,97,14
90,BATTERY_LOW,EQndYgtFRc,16,68,eZWIbNqwWP,GLASS_PROTECTION,99,15
91,ALARM_STATE,ulkXCOOppw,22,37,XeVPGJCNFv,MOTION_PROTECTION,77,75
92,BATTERY_LOW,pjdLYqwWcr,91,48,LKaLuLtqZY,FIRE_PROTECTION,24,69
93,ALARM_STATE,bzIaeTEoRn,8,44,njGjAGPfij,GLASS_PROTECTION,21,26
94,NORMAL,QrVlQxxdEZ,67,60,XaJZEHeOju,GLASS_PROTECTION,49,67
95,ALARM_STATE,OOGCUSBfFT,1,0,IRPbEqjxrc,MOTION_PROTECTION,6,80
96,BATTERY_LOW,yYIFDODNMp,87,52,AgGNIVeVPc,MOTION_PROTECTION,53,59
97,BATTERY_LOW,rZLHwZVTAd,4,23,xvZPWBtxhg,LEAKS_PROTECTION,84,73
98,BATTERY_LOW,RuoVxuARXK,42,66,PUxCOuLDcC,LEAKS_PROTECTION,53,86
99,NORMAL,NgbuZeFqeV,85,92,MKPxFvpTBO,FIRE_PROTECTION,97,27
100,NORMAL,eFavoNPnVZ,11,85,esDYOphAym,GLASS_PROTECTION,78,64
101,ALARM_STATE,eAwPEiOOPK,35,46,WyPAjqwTWv,GLASS_PROTECTION,16,77
102,ALARM_STATE,AkepqXdeNN,24,60,rZunTXiUuy,LEAKS_PROTECTION,23,38
103,BATTERY_LOW,vcFayCkEwv,61,15,EzPJibcJay,FIRE_PROTECTION,72,43
104,BATTERY_LOW,vALdfiycWe,47,99,LQJNDPVDWJ,LEAKS_PROTECTION,51,21
105,BATTERY_LOW,YUNNkXikgg,64,25,MZoaMrcZjW,FIRE_PROTECTION,97,82
106,NORMAL,ZGYPIsmoIH,23,54,qBKzLpCLsG,FIRE_PROTECTION,76,70
107,ALARM_STATE,OQJFPpRgcy,63,95,GsQgUTzLHF,MOTION_PROTECTION,64,8
108,BATTERY_LOW,JvEZdYoqrX,64,44,CXsKZgyser,GLASS_PROTECTION,44,86
109,NORMAL,fVpfvpRosG,88,42,yEWWfbTPJs,FIRE_PROTECTION,76,62
110,BATTERY_LOW,ZHInAxdqcu,50,40,QfNjAfBOzA,LEAKS_PROTECTION,50,80
111,ALARM_STATE,bOZNGrdZDU,7,83,IcKWyjrqWY,MOTION_PROTECTION,29,62
112,NORMAL,dYmnMBFrIP,21,15,eFCOIrczmY,MOTION_PROTECTION,61,39
113,BATTERY_LOW,VOzQJMgbYD,86,29,UVzklwkfzo,GLASS_PROTECTION,4,4
114,ALARM_STATE,rPQzzAKDli,92,90,ihIpJQLYvv,FIRE_PROTECTION,5,65
115,BATTERY_LOW,qhSzCtRbpc,56,88,cGrNveSviD,FIRE_PROTECTION,26,49
116,BATTERY_LOW,YdimacAHSP,90,2,ewYzNFRqey,FIRE_PROTECTION,87,72
117,BATTERY_LOW,psMtghUYrA,39,44,DoOMvpILSK,MOTION_PROTECTION,77,60
118,BATTERY_LOW,YSZBdHihKr,1,66,MAGmQeGsfy,FIRE_PROTECTION,60,70
119,ALARM_STATE,kAErTrQiCO,32,33,HptJrvVlgZ,GLASS_PROTECTION,70,94
120,NORMAL,IlGQJToksS,94,93,tVLsNuRtOU,LEAKS_PROTECTION,2,52
121,BATTERY_LOW,BiVtYXSveS,69,92,FArJBsJtUX,GLASS_PROTECTION,49,68
122,ALARM_STATE,FJhOOlHbXR,62,30,HbVoJMBoMu,MOTION_PROTECTION,2,77
123,NORMAL,EZaVVdATOi,63,51,wHceQSooyo,GLASS_PROTECTION,50,15
124,NORMAL,HFgUHuEWcp,45,38,zNXalNbNXt,FIRE_PROTECTION,90,60
125,ALARM_STATE,OzUQwqoASx,66,35,jpGRVRxght,GLASS_PROTECTION,94,35
126,ALARM_STATE,qpciiytcqb,65,51,CJrxzFJsGl,MOTION_PROTECTION,18,70
127,BATTERY_LOW,zQfwIbPbum,55,2,sHcdHybfNC,MOTION_PROTECTION,61,17
128,ALARM_STATE,EXIJIHRoEW,49,71,GfBjOuBkVQ,GLASS_PROTECTION,31,60
129,BATTERY_LOW,nxrFePkoGz,41,80,TappXvWqFh,LEAKS_PROTECTION,51,4
130,NORMAL,DUZvpgmQkM,11,48,eonroHIidG,FIRE_PROTECTION,32,81
131,BATTERY_LOW,sfghTEXKrZ,0,70,bsBrlUfoJx,GLASS_PROTECTION,15,7
132,NORMAL,YnLCikVXii,4,16,hsEFHXitIL,LEAKS_PROTECTION,96,73
133,BATTERY_LOW,WWynFAgrzO,30,70,PEjtbNNclv,GLASS_PROTECTION,23,58
134,NORMAL,syiqZZHvMb,68,74,csuNKZQypA,MOTION_PROTECTION,38,9
135,BATTERY_LOW,PBjcBmIMgw,24,8,OaQCtQvdoS,GLASS_PROTECTION,47,67
136,NORMAL,opXbhzZGRW,14,27,fqHNIXZKnE,LEAKS_PROTECTION,60,70
137,NORMAL,gazxwQMElP,29,38,yEuvAXuanv,MOTION_PROTECTION,30,84
138,ALARM_STATE,MCHFlrrQEc,38,74,AlWkxSkCbB,LEAKS_PROTECTION,81,65
139,ALARM_STATE,VfrAwukUES,50,3,NHbrmOflwJ,LEAKS_PROTECTION,89,63
140,ALARM_STATE,oUYAvmuiOx,78,15,PNYbVdbIBh,FIRE_PROTECTION,37,30
141,BATTERY_LOW,qTbEAhzSRG,63,89,oYPvfrruvR,MOTION_PROTECTION,48,13
142,NORMAL,XRduqQgFQv,14,75,BrjoapeceY,MOTION_PROTECTION,49,38
143,BATTERY_LOW,bCkAJiOlLw,81,68,UPSyaYLHWR,MOTION_PROTECTION,77,55
144,ALARM_STATE,iTRmghsmaB,80,69,grDdvqdyAa,LEAKS_PROTECTION,29,54
145,BATTERY_LOW,YBMbdYNJLx,62,76,DJDqgcMIJD,FIRE_PROTECTION,97,48
146,BATTERY_LOW,psgokqoNJH,5,46,zYiebfWffl,FIRE_PROTECTION,53,69
147,ALARM_STATE,RzyJLCANag,33,32,uKZfibyoQa,MOTION_PROTECTION,95,52
148,NORMAL,LIoXHeVLct,15,83,XaTynvvNDu,FIRE_PROTECTION,17,46
149,ALARM_STATE,GtglkqhRwh,39,61,yFIQNFxIsE,LEAKS_PROTECTION,43,95
150,ALARM_STATE,AMNyIRDpBO,95,84,eqDdZEwbAO,MOTION_PROTECTION,57,40
151,BATTERY_LOW,WasYELzYtv,27,73,hgrLLrMYWN,MOTION_PROTECTION,94,34
152,BATTERY_LOW,WdqdlNWfEd,87,4,sQXPINJLqk,MOTION_PROTECTION,53,51
153,NORMAL,NpDLUlnKdR,97,64,KikagAIPhJ,LEAKS_PROTECTION,87,38
154,BATTERY_LOW,mXgbOWwYYo,49,88,DYVzyJoMoc,LEAKS_PROTECTION,55,45
155,NORMAL,HNGNfgteuA,80,93,cSKLiMsUSO,GLASS_PROTECTION,83,8
156,ALARM_STATE,UBqTonxBJy,54,2,XgfWdYSnBA,GLASS_PROTECTION,59,69
157,NORMAL,OmosUpTszO,70,19,ShsZZoyNrJ,FIRE_PROTECTION,77,52
158,BATTERY_LOW,YBcHGnoZRg,47,6,GorgxDpbuY,LEAKS_PROTECTION,59,67
159,ALARM_STATE,ZPsSPpxQBB,85,91,ZBvBGdVLyc,GLASS_PROTECTION,3,75
160,ALARM_STATE,FEpVgFBBIO,46,37,hVOUuYADAM,MOTION_PROTECTION,11,81
161,ALARM_STATE,WDUTUjgQFB,64,30,ltjfsOBRJX,LEAKS_PROTECTION,97,35
162,ALARM_STATE,YjugpkfrmD,81,98,MyfNlJXPij,GLASS_PROTECTION,32,55
163,ALARM_STATE,WvugQCjEJT,47,84,tqezqKMABm,GLASS_PROTECTION,40,25
164,ALARM_STATE,edtAwrbJbs,67,78,ZnFJMSTxcM,LEAKS_PROTECTION,30,86
165,NORMAL,POMnFJQvSK,95,8,VDgzphuoRX,GLASS_PROTECTION,85,75
166,NORMAL,ZJFDSqbgmX,84,36,ipevQZIPth,MOTION_PROTECTION,66,23
167,BATTERY_LOW,ukZqYSvmUs,7,43,yvIhmcUWeb,FIRE_PROTECTION,93,24
168,ALARM_STATE,UJfEcAIEGt,65,53,edBHICRjcm,MOTION_PROTECTION,85,79
169,NORMAL,uZabDcwKie,4,28,RoxkrERcFF,MOTION_PROTECTION,65,34
170,ALARM_STATE,DEZExZOXft,29,74,FrGFgSvNMO,LEAKS_PROTECTION,10,75
171,BATTERY_LOW,AFTNIGOSNp,57,23,ObSlnxKVlm,FIRE_PROTECTION,98,91
172,BATTERY_LOW,KDcecmULMM,22,0,WzSJAwhXeS,LEAKS_PROTECTION,18,22
173,ALARM_STATE,lFRIiVNHQE,51,62,BIzNXnvFjQ,FIRE_PROTECTION,62,16
174,ALARM_STATE,FSnpMYJaKa,79,98,eMIETwATuo,GLASS_PROTECTION,37,71
175,BATTERY_LOW,nhstEXlDDt,75,45,CSqDYainji,MOTION_PROTECTION,50,14
176,ALARM_STATE,vyknYsXoHa,10,62,QDTHnrlAVN,MOTION_PROTECTION,75,97
177,ALARM_STATE,eLNfffiMXz,83,9,DBNdCEUCBr,FIRE_PROTECTION,12,30
178,NORMAL,KeCqdFivFo,63,82,gqAzWGICUR,GLASS_PROTECTION,54,69
179,NORMAL,BYaRozxexg,54,35,ZNumWopwFV,MOTION_PROTECTION,13,57
180,BATTERY_LOW,bGeyxMKNFI,42,37,gCbSueJJFJ,MOTION_PROTECTION,15,31
181,BATTERY_LOW,kKLPybhyDB,48,19,EUrRMxaifM,FIRE_PROTECTION,76,42
182,NORMAL,XupswDqoWd,42,26,iHpiHqSlbq,MOTION_PROTECTION,96,1
183,ALARM_STATE,KWLvYHOfTq,82,8,IGJTfGWNMU,FIRE_PROTECTION,71,48
184,NORMAL,CCUMjqnsog,51,42,VjojBqFeNO,FIRE_PROTECTION,11,6
185,BATTERY_LOW,nxwlpebZQQ,91,16,zXgJEKRxAB,MOTION_PROTECTION,3,12
186,NORMAL,JuLahYBOHh,80,74,eGphqLdABA,GLASS_PROTECTION,73,48
187,ALARM_STATE,qoOHTHRRGO,53,89,IEgvNGpzml,FIRE_PROTECTION,12,71
188,BATTERY_LOW,oOyjfCHYqp,70,68,lePQqgdily,MOTION_PROTECTION,87,50
189,NORMAL,iOQYuDBfUD,35,96,tpXBrSvUDP,LEAKS_PROTECTION,90,41
190,NORMAL,WYLmEcTCWO,26,98,juJqmdvDFg,FIRE_PROTECTION,46,11
191,NORMAL,LzMVeSSjjW,59,6,zzqirvnxhE,LEAKS_PROTECTION,70,50
192,BATTERY_LOW,tgBlowAXGB,29,5,LErLXnNlvQ,FIRE_PROTECTION,39,7
193,NORMAL,gDQyRXaXjY,80,69,tfTFcUchxu,FIRE_PROTECTION,49,70
194,NORMAL,RTgjsLueWO,51,48,npgnMAnSgQ,GLASS_PROTECTION,62,15
195,ALARM_STATE,pNbHEgNmVi,25,92,mOciUYWBsQ,FIRE_PROTECTION,94,29
196,BATTERY_LOW,hucZCRyPiM,86,77,XTdeesOEPl,FIRE_PROTECTION,55,17
197,NORMAL,WAbvcuahfm,38,70,LLCsyCckFU,LEAKS_PROTECTION,85,79
198,BATTERY_LOW,ympVFOVVZy,58,46,xeMQaopcYO,GLASS_PROTECTION,3,96
199,ALARM_STATE,KyDOtJAemI,13,26,HWaxEoRERv,FIRE_PROTECTION,72,87
id,event_log,type,user_id
1,ttgnQutIkEOGHtkyYkYg,GENERAL,1
2,LuRjFfkmhiWaOBjNHgxA,GENERAL,1
3,rYaVRoWxooEfcWsqzyBz,GENERAL,2
4,dLarrBXYvlQxUYOYBnPO,GENERAL,1
5,RCOcpmAJwHDdOZhZbQKn,GENERAL,1
6,GyZurpswQNyGfDMdHIzv,GENERAL,4
7,IXidNWFpjlPAZRWzcamg,GENERAL,1
8,thwYXzWePPmgSvxtugxx,GENERAL,7
9,PWWDGezyTaXUdDgrMrpS,GENERAL,3
10,LnxrKYhKymgnzaKUQOOb,GENERAL,3
11,PXwAYjznHNKZQoZcPPAy,GENERAL,6
12,IUTNNxBqQyRdBMrtQKWP,GENERAL,7
13,NbTimgxXkGuoZYiQfMZl,GENERAL,11
14,cOrxKLFYztCJXyMCFEVH,GENERAL,8
15,sftALNRFSLxCsLIOwKqe,GENERAL,5
16,tjxVGoXaPrBqpumJtbea,GENERAL,2
17,khMfcHQQVdiNUrvKZXbx,GENERAL,1
18,tVwYyElvHoDRMgjdHEFu,GENERAL,5
19,OcfOaIIMIhqqJJeYKooQ,GENERAL,16
20,BmyUktcJGDqwhBnNomtH,GENERAL,3
21,hxdYqIJfCiqvVJCMIvLP,GENERAL,20
22,dmzwLZRgRRMGXyzOzoGA,GENERAL,21
23,pGOPQAQRKEFIfCrkCuwn,GENERAL,21
24,CuJKSYyVppMSyTDqAlKg,GENERAL,20
25,ILdBddOGIQSTgQftqgsy,GENERAL,20
26,srxuYpWlqiYCpoRezPXm,GENERAL,21
27,tTCTxfWDHEsRXuHraKWT,GENERAL,17
28,lUhGDBYOuRVRoQdSDEAX,GENERAL,2
29,SnbduBNuCDZMJdUMCPqt,GENERAL,3
30,BzERxHSefWpWSkubmuXj,GENERAL,26
31,WSmlrwLKISYSKABxjQSS,GENERAL,22
32,DZgFxnEQhbxsaLWoqOFm,GENERAL,6
33,DAFZubqdVBeTDTBLcLTi,GENERAL,9
34,bdSZHyySjfmuDAyYqAZZ,GENERAL,20
35,IXnTrICoYRTwVEXMQjBG,GENERAL,16
36,UNsEZjRGXXHTDGGJgKEZ,GENERAL,20
37,QMimFFpgrcdrfisqLlhJ,GENERAL,22
38,AbWOjVXwSxaeisQdnIwj,GENERAL,14
39,XSfOaKppNEpVgDsHKAxf,GENERAL,19
40,xvHGKPWWeQOytfEWEcDc,GENERAL,26
41,YbatlmtvPHkPyKGfhMAO,GENERAL,39
42,VDWcOMDvdkPtVNRCQQaT,GENERAL,27
43,LqUyKZTHtQNRSvOCtIyq,GENERAL,31
44,iiCxawSlUjXejwNMwbSr,GENERAL,39
45,mOSTnFAkZPZYqGmXmzrv,GENERAL,44
46,ZmTJTodqrxOkoLIbQstH,GENERAL,35
47,pOoFhsZHddBGbuAoSHDH,GENERAL,25
48,XxMvtkOlDtdaCjFMvocK,GENERAL,18
49,VQLOSFHnQUKiZdkVKPzX,GENERAL,47
50,qgthHhfjfQQfyeEfcLwY,GENERAL,37
51,LPVzdfCZDVJVThHktMmo,GENERAL,35
52,gBFiJxEHlbOwuaXyGLoW,GENERAL,51
53,ygGcqeLCXUmggHkEMBCR,GENERAL,31
54,XUQoAYEiZYLpoGjqxfPG,GENERAL,15
55,WKproDXxeeWxEvmcoPXV,GENERAL,12
56,IhICMwzHuyGltUEWlofq,GENERAL,19
57,seGCOiChKnNPozcqFsjF,GENERAL,25
58,YAxEyboNcAsTcCANPujb,GENERAL,3
59,xfEQskaZdNxPQbPfSiSU,GENERAL,8
60,ZeMRKKNAMkiuGLzpdSSz,GENERAL,55
61,vJLWKzsnJSZqnhsskFVX,GENERAL,19
62,pYsxZyZQNntVyGSuWnyZ,GENERAL,50
63,ENwVuAMlgWzRmMBStMWz,GENERAL,19
64,cVpIATdqQGEAvlMhwVgf,GENERAL,19
65,OSObIQsNqEkezsNvdvSx,GENERAL,5
66,hqvCDSjngAzYndwxFMUf,GENERAL,34
67,CZyndreOoTfUxmgqBKQD,GENERAL,4
68,fRmzTmVkHPFgIlFLimpB,GENERAL,36
69,ydUQEgMUJTIcCXHnforw,GENERAL,31
70,aFGkLKXPFifOIrdOENaT,GENERAL,2
71,LwIcdsmhYHbisrFHlkoE,GENERAL,16
72,MjNdJHOfHSdhjgihidus,GENERAL,44
73,xfMCktiIWmTZHoPWWjVt,GENERAL,16
74,xgVuiVjuZFOKmpApHeKd,GENERAL,13
75,ukuNrsSJESuptEhnTrwV,GENERAL,33
76,whozqxQnZEnTgXWhPGVw,GENERAL,11
77,olyQSrBAyGRhNgTVVjlf,GENERAL,42
78,oBjUoAybubYUjEhLViav,GENERAL,28
79,kFLMLyDTywORWJrkgdya,GENERAL,59
80,UeryCuaLbBnUXzcGFYou,GENERAL,29
81,PCocdOkLkVgAlZtoqhMD,GENERAL,69
82,nannMlsNzNFTsUTlbowZ,GENERAL,14
83,swIYylfYxRoVkiSRCwEm,GENERAL,81
84,pCxueiNcnzCUWmBCIPty,GENERAL,63
85,jrVnSXpVDaEwpdrNbqBW,GENERAL,35
86,sQmksNUouzbwOxCGBYcG,GENERAL,26
87,SYJogilvGTJUzZxbFPYM,GENERAL,39
88,KfElNwZSihZyEmjLYBRx,GENERAL,1
89,KkQumcUxUTlfStRNebYj,GENERAL,31
90,xVCELuATVWSSduDMUMWp,GENERAL,40
91,rPQGcMzexHCYEjRhcnTF,GENERAL,11
92,fvavQJELcDMvjXMhcgvY,GENERAL,43
93,BpeLSysmrHEWwggjArCO,GENERAL,6
94,nVfKDngQfqkotudjTjqu,GENERAL,20
95,zNIUvENBpfrTGryzBQHR,GENERAL,31
96,dAJvHfBXJLsrMiVRXFlq,GENERAL,60
97,qSRIVKswBKyQKmvGSjAA,GENERAL,25
98,LvBiDgYPVCshSuQzkDkr,GENERAL,93
99,XzmCXhtdraZmXOyQzdBF,GENERAL,70
100,lOaoTQixUfVnZCfKwSNZ,GENERAL,24
101,ziZYASWcghkWAOdvrWoW,GENERAL,77
102,QLcTqPdFwSzftdiDKEfB,GENERAL,66
103,RCrHsyDVqRKELtXqMTiA,GENERAL,24
104,pnxIRvfjzPwBAJOntPmV,GENERAL,29
105,oFBKCuCoNGnyvpWbkeGA,GENERAL,1
106,EXWDDoGhrnQGlecKELzQ,GENERAL,81
107,nnWUnkmKynAEYNYjPRXs,GENERAL,23
108,IJeBiNIwWBGbptMvaMsM,GENERAL,22
109,RMtUVkpMaBvPxUxvedSm,GENERAL,12
110,bEMjMinsBhNsgUpvjdqN,GENERAL,64
111,lSSmwmUdCckGhPtlfAZf,GENERAL,60
112,UqjyEHICSeElzuhwqBSq,GENERAL,14
113,AvSrolSQKVGahphkbNiO,GENERAL,83
114,jgjtUjcUjVYrrndfevCe,GENERAL,80
115,VQQLvQKifUQdwPlDtvXK,GENERAL,112
116,eZZkZtIEjqqTfpYdaUtc,GENERAL,67
117,fPxXxKYsNrwdkvQvPUdq,GENERAL,46
118,YGbUoUmrtfFJywgvOGfb,GENERAL,113
119,VwsPJbnIQllSmKZqelmX,GENERAL,90
120,fXZrBRBJOICtoZGHgrhJ,GENERAL,4
121,ficfGMHmHqbemALKJVPX,GENERAL,84
122,tRgzvNQSmxiInlOfblhZ,GENERAL,42
123,gxCktHJfruPmmVnFMUmB,GENERAL,40
124,WZpSxxsKuGCbfrkAbkxd,GENERAL,83
125,muHBXVKqFUfFRIIhxmRn,GENERAL,18
126,EfUnTUdhHHITcohAHoAk,GENERAL,41
127,VXwakDFujwHLrKPqEPSu,GENERAL,40
128,CWMuShjpWIaxgaKaBokJ,GENERAL,20
129,xHitDrULVRabtyznKyJQ,GENERAL,15
130,ZRVwntqpOvMgOZQAICwa,GENERAL,74
131,zIcVemtbLCEqCDdbKWBN,GENERAL,53
132,oAhFLFcLYKjKvDVZioOL,GENERAL,82
133,jtGwIKQTkAqsoRAXnSGF,GENERAL,59
134,GOGpRgrLEDTFLRZUjYpg,GENERAL,112
135,jLVRkiaWDruNWKGgeHeA,GENERAL,10
136,YBdCrBGSraymWEBNRUTj,GENERAL,96
137,bBMLMCewJARDRpwEOSEb,GENERAL,123
138,LbPKsJxfVvClnaWBGYPh,GENERAL,112
139,VOnZeqoDZOldBxMVbSqj,GENERAL,63
140,MqoIztRpvAzKjIBcVByx,GENERAL,85
141,bAIRqzhctPFgbzTLOaLv,GENERAL,85
142,SwJxeCRrsnFRXaedTCVd,GENERAL,135
143,UNFuMXGulPptRMfDBUmV,GENERAL,88
144,FbHvoECOcUytKvkNafkr,GENERAL,105
145,ASmjAfFzRDQTuBoaJdva,GENERAL,26
146,UKjbYwLxYcafUcydEQgO,GENERAL,120
147,GUggtklULWtPAXnkaZoU,GENERAL,64
148,wKwKSOqLEmlMklcytEuO,GENERAL,68
149,nKrngTfSnJUwTbEOjMke,GENERAL,62
150,HpOrltouYZwpBesUkyGw,GENERAL,46
151,XSHaibeeELooVSmrtFep,GENERAL,99
152,srlFuSOriJylmvRjBXRe,GENERAL,109
153,wfjRRgmuucPUCbcwgNWg,GENERAL,18
154,kDhePifINoEVAGoLjaUB,GENERAL,59
155,VsaytYAhJJNcIJfIYaEC,GENERAL,125
156,AurkVQONqQSdQwkJPkbj,GENERAL,135
157,fYDKeRCsbWMzFhyweKnU,GENERAL,66
158,JuVbURGajkGwaOSFrgQZ,GENERAL,144
159,GDxkZEtiXvvmuhmiIrEe,GENERAL,84
160,VDFqFIiNXdtTKBlofIsc,GENERAL,37
161,SsuzMMEEoQyuWzARodCT,GENERAL,142
162,TANTucmIbbDAkWMaovis,GENERAL,29
163,rQPNFtENXZGioFuIhJKY,GENERAL,65
164,lRcUYtYzsLsYLskOksle,GENERAL,119
165,KnQupqBvAvUaRKxePBtx,GENERAL,53
166,KmIzaVMqIXetaqTFMJvU,GENERAL,160
167,TVAufVmGISNqGintmXuD,GENERAL,22
168,FHcbyVqqWREQrdZANzfR,GENERAL,114
169,hYBeOVGMzrRkshNmumtg,GENERAL,52
170,JFOfCWCFbSnYcvdNqopS,GENERAL,19
171,OdOeHCgZhfOIVAouzDDF,GENERAL,53
172,uXVeGcnUmLvGlnDcCsFE,GENERAL,165
173,CFbCgCeQOEqyeHASbeju,GENERAL,135
174,YEfIwdLAxawxQGsugamv,GENERAL,87
175,HYQOqwgaKMSKdHSGEkva,GENERAL,35
176,mvuiHjBGtkGQthnBIDpt,GENERAL,112
177,HcqKjjQJQFPwMFTmYxTx,GENERAL,121
178,XOsgJpRBbfFlfGzoKQoE,GENERAL,111
179,pTVhqUgOrDxxVNSxPXVS,GENERAL,92
180,OKjBZKoYbmbblNwhEtIL,GENERAL,178
181,oFhOoJZDPMicHKodlrTr,GENERAL,82
182,IJiOTngRuocMYejCfyMb,GENERAL,45
183,ksAfEGYDSssJysVmGCNr,GENERAL,116
184,tawmhvxOEuKpsnsIIDtl,GENERAL,44
185,gfEtDbYYpuCGCQLcpkSf,GENERAL,23
186,BsChZRTVWPoNCjVVfQrt,GENERAL,9
187,bkqSasgXDGWCiKKsOrNI,GENERAL,112
188,NlscMGveEHbLeHuQFcZu,GENERAL,100
189,GmyzjwNETJHxAAlUHhYZ,GENERAL,38
190,cpEdvBpjGRPvdrskUnrA,GENERAL,61
191,doCwdkWnqXDtaCgYfGls,GENERAL,98
192,XBDyZcyVLjHucYuKMVlx,GENERAL,136
193,oPQbZCtaUzGBIsTHQmlG,GENERAL,173
194,WxFjAAcJOrwsBYlqSuHo,GENERAL,122
195,KWvPlXKaJebjRCMdZwRs,GENERAL,190
196,XZohhZVocooyiSdupTnI,GENERAL,186
197,ZUeYMfhTeEVFrjgKCyEF,GENERAL,123
198,SgnkHcpRenWzCLUUBDzI,GENERAL,99
199,QiegsbVkxbDUHzSPpRXC,GENERAL,23
id,timestamp,type,hub_id
1,2023-04-22T12:18:58.537669Z,WATER_LEAK,1
2,2023-04-20T20:18:58.537892Z,GLASS_BREAK,1
3,2023-04-21T08:18:58.537920Z,MOTION_DETECTION,1
4,2023-04-22T03:18:58.537939Z,WATER_LEAK,2
5,2023-04-23T17:18:58.537955Z,SMOKE_OR_FIRE,4
6,2023-04-23T21:18:58.537967Z,MOTION_DETECTION,1
7,2023-04-22T21:18:58.537980Z,WATER_LEAK,5
8,2023-04-21T21:18:58.537992Z,MOTION_DETECTION,2
9,2023-04-21T23:18:58.538008Z,MOTION_DETECTION,2
10,2023-04-22T02:18:58.538021Z,WATER_LEAK,8
11,2023-04-20T12:18:58.538033Z,SMOKE_OR_FIRE,5
12,2023-04-22T09:18:58.538046Z,MOTION_DETECTION,8
13,2023-04-21T09:18:58.538060Z,MOTION_DETECTION,3
14,2023-04-22T13:18:58.538072Z,MOTION_DETECTION,13
15,2023-04-22T09:18:58.538085Z,SMOKE_OR_FIRE,10
16,2023-04-21T03:18:58.538099Z,WATER_LEAK,1
17,2023-04-22T03:18:58.538113Z,SMOKE_OR_FIRE,6
18,2023-04-21T18:18:58.538126Z,SMOKE_OR_FIRE,12
19,2023-04-21T08:18:58.538138Z,SMOKE_OR_FIRE,1
20,2023-04-23T10:18:58.538155Z,SMOKE_OR_FIRE,5
21,2023-04-22T09:18:58.538168Z,GLASS_BREAK,14
22,2023-04-21T01:18:58.538181Z,SMOKE_OR_FIRE,13
23,2023-04-21T20:18:58.538194Z,GLASS_BREAK,10
24,2023-04-22T17:18:58.538206Z,WATER_LEAK,1
25,2023-04-20T10:18:58.538220Z,MOTION_DETECTION,19
26,2023-04-23T18:18:58.538233Z,GLASS_BREAK,1
27,2023-04-21T00:18:58.538245Z,MOTION_DETECTION,1
28,2023-04-21T20:18:58.538257Z,WATER_LEAK,23
29,2023-04-20T20:18:58.538276Z,GLASS_BREAK,4
30,2023-04-21T00:18:58.538288Z,MOTION_DETECTION,15
31,2023-04-22T16:18:58.538300Z,MOTION_DETECTION,6
32,2023-04-22T21:18:58.538313Z,GLASS_BREAK,16
33,2023-04-20T13:18:58.538327Z,SMOKE_OR_FIRE,3
34,2023-04-22T11:18:58.538339Z,MOTION_DETECTION,17
35,2023-04-20T10:18:58.538351Z,WATER_LEAK,15
36,2023-04-19T21:18:58.538363Z,SMOKE_OR_FIRE,30
37,2023-04-21T20:18:58.538375Z,SMOKE_OR_FIRE,36
38,2023-04-21T18:18:58.538387Z,WATER_LEAK,34
39,2023-04-22T07:18:58.538398Z,MOTION_DETECTION,33
40,2023-04-22T19:18:58.538411Z,WATER_LEAK,23
41,2023-04-20T08:18:58.538423Z,MOTION_DETECTION,9
42,2023-04-21T09:18:58.538435Z,MOTION_DETECTION,28
43,2023-04-21T00:18:58.538450Z,WATER_LEAK,6
44,2023-04-22T01:18:58.538465Z,MOTION_DETECTION,42
45,2023-04-22T00:18:58.538478Z,WATER_LEAK,27
46,2023-04-23T03:18:58.538502Z,WATER_LEAK,13
47,2023-04-20T04:18:58.538516Z,MOTION_DETECTION,14
48,2023-04-23T08:18:58.538529Z,GLASS_BREAK,15
49,2023-04-22T14:18:58.538542Z,WATER_LEAK,4
50,2023-04-23T17:18:58.538554Z,WATER_LEAK,13
51,2023-04-21T22:18:58.538566Z,GLASS_BREAK,45
52,2023-04-23T20:18:58.538578Z,GLASS_BREAK,15
53,2023-04-20T16:18:58.538589Z,GLASS_BREAK,22
54,2023-04-22T23:18:58.538601Z,GLASS_BREAK,12
55,2023-04-20T13:18:58.538613Z,MOTION_DETECTION,41
56,2023-04-19T20:18:58.538625Z,GLASS_BREAK,29
57,2023-04-21T11:18:58.538636Z,WATER_LEAK,55
58,2023-04-22T20:18:58.538648Z,SMOKE_OR_FIRE,9
59,2023-04-21T19:18:58.538659Z,MOTION_DETECTION,34
60,2023-04-22T18:18:58.538679Z,SMOKE_OR_FIRE,25
61,2023-04-20T16:18:58.538691Z,WATER_LEAK,53
62,2023-04-19T20:18:58.538702Z,SMOKE_OR_FIRE,32
63,2023-04-21T01:18:58.538715Z,SMOKE_OR_FIRE,47
64,2023-04-21T12:18:58.538728Z,MOTION_DETECTION,21
65,2023-04-21T16:18:58.538747Z,SMOKE_OR_FIRE,48
66,2023-04-22T06:18:58.538761Z,WATER_LEAK,47
67,2023-04-20T07:18:58.538773Z,SMOKE_OR_FIRE,61
68,2023-04-20T09:18:58.538784Z,SMOKE_OR_FIRE,51
69,2023-04-23T10:18:58.538796Z,SMOKE_OR_FIRE,10
70,2023-04-23T04:18:58.538807Z,SMOKE_OR_FIRE,35
71,2023-04-20T13:18:58.538819Z,SMOKE_OR_FIRE,8
72,2023-04-19T20:18:58.538831Z,GLASS_BREAK,23
73,2023-04-21T06:18:58.538843Z,MOTION_DETECTION,57
74,2023-04-23T00:18:58.538854Z,WATER_LEAK,60
75,2023-04-22T23:18:58.538866Z,GLASS_BREAK,46
76,2023-04-20T06:18:58.538878Z,GLASS_BREAK,23
77,2023-04-20T23:18:58.538889Z,GLASS_BREAK,60
78,2023-04-20T10:18:58.538901Z,MOTION_DETECTION,69
79,2023-04-20T01:18:58.538913Z,SMOKE_OR_FIRE,19
80,2023-04-19T22:18:58.538925Z,MOTION_DETECTION,6
81,2023-04-22T20:18:58.538937Z,SMOKE_OR_FIRE,12
82,2023-04-21T16:18:58.538949Z,WATER_LEAK,3
83,2023-04-23T10:18:58.538960Z,SMOKE_OR_FIRE,59
84,2023-04-21T03:18:58.538972Z,MOTION_DETECTION,64
85,2023-04-19T18:18:58.538985Z,SMOKE_OR_FIRE,33
86,2023-04-21T16:18:58.538998Z,SMOKE_OR_FIRE,39
87,2023-04-19T22:18:58.539012Z,WATER_LEAK,52
88,2023-04-21T04:18:58.539025Z,WATER_LEAK,51
89,2023-04-21T16:18:58.539037Z,WATER_LEAK,53
90,2023-04-23T17:18:58.539049Z,SMOKE_OR_FIRE,62
91,2023-04-20T15:18:58.539061Z,SMOKE_OR_FIRE,12
92,2023-04-21T02:18:58.539072Z,MOTION_DETECTION,47
93,2023-04-21T22:18:58.539083Z,SMOKE_OR_FIRE,6
94,2023-04-23T19:18:58.539095Z,GLASS_BREAK,1
95,2023-04-20T11:18:58.539106Z,MOTION_DETECTION,47
96,2023-04-19T18:18:58.539118Z,SMOKE_OR_FIRE,66
97,2023-04-21T14:18:58.539129Z,SMOKE_OR_FIRE,12
98,2023-04-20T04:18:58.539141Z,WATER_LEAK,10
99,2023-04-22T13:18:58.539152Z,WATER_LEAK,52
100,2023-04-20T20:18:58.539163Z,WATER_LEAK,94
101,2023-04-22T07:18:58.539175Z,WATER_LEAK,34
102,2023-04-20T17:18:58.539186Z,GLASS_BREAK,89
103,2023-04-19T21:18:58.539198Z,GLASS_BREAK,36
104,2023-04-20T20:18:58.539209Z,GLASS_BREAK,55
105,2023-04-23T06:18:58.539221Z,MOTION_DETECTION,89
106,2023-04-19T20:18:58.539232Z,SMOKE_OR_FIRE,41
107,2023-04-23T17:18:58.539243Z,SMOKE_OR_FIRE,82
108,2023-04-20T18:18:58.539257Z,GLASS_BREAK,17
109,2023-04-22T09:18:58.539359Z,SMOKE_OR_FIRE,15
110,2023-04-23T06:18:58.539375Z,SMOKE_OR_FIRE,61
111,2023-04-22T12:18:58.539387Z,MOTION_DETECTION,41
112,2023-04-22T16:18:58.539398Z,WATER_LEAK,95
113,2023-04-20T12:18:58.539409Z,GLASS_BREAK,7
114,2023-04-20T14:18:58.539420Z,SMOKE_OR_FIRE,16
115,2023-04-20T21:18:58.539431Z,MOTION_DETECTION,44
116,2023-04-20T03:18:58.539442Z,WATER_LEAK,107
117,2023-04-22T14:18:58.539458Z,MOTION_DETECTION,18
118,2023-04-22T15:18:58.539469Z,MOTION_DETECTION,90
119,2023-04-23T09:18:58.539483Z,SMOKE_OR_FIRE,22
120,2023-04-22T05:18:58.539494Z,WATER_LEAK,93
121,2023-04-20T16:18:58.539506Z,GLASS_BREAK,106
122,2023-04-23T16:18:58.539517Z,WATER_LEAK,98
123,2023-04-22T17:18:58.539528Z,SMOKE_OR_FIRE,31
124,2023-04-21T08:18:58.539540Z,MOTION_DETECTION,68
125,2023-04-21T06:18:58.539551Z,WATER_LEAK,66
126,2023-04-22T14:18:58.539579Z,SMOKE_OR_FIRE,73
127,2023-04-20T08:18:58.539621Z,GLASS_BREAK,47
128,2023-04-21T09:18:58.539658Z,GLASS_BREAK,100
129,2023-04-20T17:18:58.539697Z,GLASS_BREAK,18
130,2023-04-21T14:18:58.539709Z,MOTION_DETECTION,47
131,2023-04-20T23:18:58.539719Z,WATER_LEAK,54
132,2023-04-19T22:18:58.539733Z,WATER_LEAK,56
133,2023-04-22T18:18:58.539744Z,MOTION_DETECTION,49
134,2023-04-23T11:18:58.539756Z,SMOKE_OR_FIRE,88
135,2023-04-21T05:18:58.539766Z,MOTION_DETECTION,94
136,2023-04-21T00:18:58.539777Z,WATER_LEAK,47
137,2023-04-22T11:18:58.539787Z,GLASS_BREAK,21
138,2023-04-23T12:18:58.539798Z,MOTION_DETECTION,130
139,2023-04-22T11:18:58.539808Z,GLASS_BREAK,114
140,2023-04-23T14:18:58.539819Z,GLASS_BREAK,42
141,2023-04-22T08:18:58.539830Z,GLASS_BREAK,36
142,2023-04-21T15:18:58.539840Z,WATER_LEAK,7
143,2023-04-23T01:18:58.539852Z,WATER_LEAK,111
144,2023-04-20T22:18:58.539863Z,WATER_LEAK,29
145,2023-04-20T03:18:58.539873Z,SMOKE_OR_FIRE,65
146,2023-04-20T09:18:58.539884Z,GLASS_BREAK,106
147,2023-04-20T01:18:58.539894Z,MOTION_DETECTION,129
148,2023-04-21T12:18:58.539905Z,MOTION_DETECTION,134
149,2023-04-23T18:18:58.539916Z,WATER_LEAK,10
150,2023-04-21T00:18:58.539926Z,MOTION_DETECTION,144
151,2023-04-20T20:18:58.539937Z,MOTION_DETECTION,134
152,2023-04-22T12:18:58.539948Z,WATER_LEAK,115
153,2023-04-21T03:18:58.539958Z,GLASS_BREAK,16
154,2023-04-20T03:18:58.539971Z,GLASS_BREAK,115
155,2023-04-22T00:18:58.539982Z,SMOKE_OR_FIRE,49
156,2023-04-20T03:18:58.539993Z,SMOKE_OR_FIRE,88
157,2023-04-21T04:18:58.540004Z,GLASS_BREAK,70
158,2023-04-22T07:18:58.540015Z,GLASS_BREAK,46
159,2023-04-23T01:18:58.540025Z,SMOKE_OR_FIRE,62
160,2023-04-20T11:18:58.540036Z,SMOKE_OR_FIRE,159
161,2023-04-23T12:18:58.540048Z,SMOKE_OR_FIRE,91
162,2023-04-20T11:18:58.540059Z,GLASS_BREAK,85
163,2023-04-20T03:18:58.540069Z,MOTION_DETECTION,17
164,2023-04-20T10:18:58.540080Z,SMOKE_OR_FIRE,105
165,2023-04-21T12:18:58.540091Z,GLASS_BREAK,163
166,2023-04-20T00:18:58.540102Z,SMOKE_OR_FIRE,101
167,2023-04-21T15:18:58.540112Z,SMOKE_OR_FIRE,23
168,2023-04-23T15:18:58.540123Z,GLASS_BREAK,15
169,2023-04-23T05:18:58.540134Z,WATER_LEAK,81
170,2023-04-21T17:18:58.540145Z,GLASS_BREAK,29
171,2023-04-21T17:18:58.540156Z,GLASS_BREAK,160
172,2023-04-22T06:18:58.540172Z,MOTION_DETECTION,24
173,2023-04-22T06:18:58.540183Z,WATER_LEAK,138
174,2023-04-20T01:18:58.540194Z,MOTION_DETECTION,130
175,2023-04-23T20:18:58.540205Z,WATER_LEAK,2
176,2023-04-21T12:18:58.540219Z,SMOKE_OR_FIRE,142
177,2023-04-21T23:18:58.540231Z,WATER_LEAK,117
178,2023-04-23T18:18:58.540242Z,WATER_LEAK,49
179,2023-04-21T14:18:58.540253Z,SMOKE_OR_FIRE,33
180,2023-04-23T10:18:58.540264Z,SMOKE_OR_FIRE,117
181,2023-04-21T07:18:58.540275Z,WATER_LEAK,100
182,2023-04-20T16:18:58.540286Z,GLASS_BREAK,82
183,2023-04-21T21:18:58.540296Z,SMOKE_OR_FIRE,36
184,2023-04-22T09:18:58.540307Z,MOTION_DETECTION,4
185,2023-04-23T21:18:58.540318Z,MOTION_DETECTION,125
186,2023-04-21T07:18:58.540328Z,SMOKE_OR_FIRE,93
187,2023-04-23T21:18:58.540338Z,SMOKE_OR_FIRE,83
188,2023-04-21T01:18:58.540349Z,MOTION_DETECTION,172
189,2023-04-21T03:18:58.540360Z,GLASS_BREAK,185
190,2023-04-20T11:18:58.540371Z,SMOKE_OR_FIRE,158
191,2023-04-20T15:18:58.540382Z,GLASS_BREAK,168
192,2023-04-23T11:18:58.540397Z,SMOKE_OR_FIRE,161
193,2023-04-23T11:18:58.540410Z,WATER_LEAK,142
194,2023-04-23T00:18:58.540421Z,WATER_LEAK,35
195,2023-04-22T05:18:58.540432Z,MOTION_DETECTION,138
196,2023-04-21T18:18:58.540443Z,GLASS_BREAK,95
197,2023-04-20T13:18:58.540454Z,GLASS_BREAK,119
198,2023-04-20T06:18:58.540465Z,MOTION_DETECTION,126
199,2023-04-21T01:18:58.540479Z,WATER_LEAK,150
id,battery_level,name,type,detail_id,hub_id,protection_type_id,user_id
1,71,oFKtmPdfWH,SENSOR,1,1,1,1
2,52,UlKrmcCcgc,SENSOR,1,1,1,1
3,97,jmzWOqJkFA,SENSOR,1,1,1,1
4,5,xCQBQWIYWh,SENSOR,1,3,2,3
5,95,EHzAjojaxg,SENSOR,3,3,1,1
6,4,iGgZgiqxcd,SENSOR,1,4,2,3
7,27,LzSSfQiixa,SENSOR,6,1,2,1
8,48,pkdpUUVexf,SENSOR,6,6,5,2
9,47,ysDEantMOx,SENSOR,3,4,7,2
10,85,ZUqwCAuDkq,SENSOR,6,3,5,3
11,84,IniVnxQdnL,SENSOR,10,9,8,5
12,84,sPKRgPIXOD,SENSOR,10,4,7,11
13,97,wnzbVCOdqR,SENSOR,4,9,8,9
14,22,fKViZhQPjL,SENSOR,3,12,8,8
15,80,uRxuTWhvjh,SENSOR,1,10,6,7
16,0,IDgDGtQvci,SENSOR,11,6,3,12
17,28,IJBpcGFcdx,SENSOR,9,13,13,13
18,3,SzgasWwvJT,SENSOR,2,4,9,6
19,66,QQdNcQGULy,SENSOR,18,6,8,10
20,38,mElxvrvuQd,SENSOR,12,17,4,5
21,2,ETSxIrfcei,SENSOR,11,11,7,4
22,82,VxcxgMSeEo,SENSOR,19,7,5,17
23,45,QxbFdrXFhZ,SENSOR,15,20,15,18
24,44,yVhNxZiycb,SENSOR,10,4,1,3
25,82,tnePbjTaCZ,SENSOR,8,21,21,12
26,6,oToJFyXutG,SENSOR,1,2,5,1
27,2,SUfjvRInEq,SENSOR,2,16,19,12
28,51,YYKZLBPprM,SENSOR,19,11,20,14
29,58,tgpWuDhkmv,SENSOR,7,12,7,19
30,85,WVeOvZlpmq,SENSOR,6,12,17,25
31,35,GTRaxGOPSL,SENSOR,12,21,4,1
32,95,jYfakjJvXd,SENSOR,19,14,8,30
33,52,wANCBcqrvk,SENSOR,7,20,19,9
34,40,opEmTklhev,SENSOR,10,3,15,32
35,44,nCdLvnyBNp,SENSOR,7,33,28,3
36,91,mBpkgLxEcy,SENSOR,29,31,4,22
37,51,PKCeglkLBX,SENSOR,10,8,36,10
38,28,gDevcvbyfG,SENSOR,5,4,16,37
39,92,MqGqiNsLqO,SENSOR,12,4,4,27
40,20,WTARipPoLi,SENSOR,27,14,5,15
41,1,UJpCfVLdHe,SENSOR,23,8,17,13
42,21,mOtoNKdTes,SENSOR,12,2,19,27
43,80,PzJIWZNIoc,SENSOR,16,32,30,40
44,77,ZvucNBqlcW,SENSOR,10,22,20,43
45,53,nZYtPUmGaq,SENSOR,37,42,28,8
46,86,LDpifiyPGg,SENSOR,31,43,30,33
47,45,iKFiqJgmBR,SENSOR,25,35,26,17
48,83,WsbvnRAsuo,SENSOR,24,26,14,7
49,70,QleeVKVLGR,SENSOR,41,48,45,11
50,37,UZrijjYZNr,SENSOR,45,26,41,19
51,80,IabhPMJJNi,SENSOR,7,20,1,49
52,29,RjkDahbXfp,SENSOR,28,19,29,17
53,28,gXdTfoZAXe,SENSOR,19,46,8,19
54,14,IIrhcMDqJu,SENSOR,49,13,2,17
55,96,bsgSGKfWqC,SENSOR,13,4,5,1
56,79,rYiQWKvJXE,SENSOR,44,31,5,22
57,69,JkFNaxUvmW,SENSOR,26,11,27,11
58,35,orVBmvzVsL,SENSOR,6,46,54,31
59,53,VeWqIgRMYX,SENSOR,56,39,43,4
60,14,XTDatmLjpo,SENSOR,31,25,34,1
61,76,XhjSBSJUCq,SENSOR,55,51,47,47
62,16,UilRYVmIEk,SENSOR,11,10,6,36
63,6,LwSvMNjxHW,SENSOR,18,47,9,41
64,52,wRKjOOwYoq,SENSOR,27,9,39,6
65,38,eVuwkctiaC,SENSOR,18,7,42,55
66,47,bQJoagYIMS,SENSOR,58,18,62,45
67,6,fhbwWmoiEx,SENSOR,10,62,50,45
68,71,lJfXlfaDec,SENSOR,38,26,50,44
69,3,dmQpzeZxyg,SENSOR,45,22,36,62
70,44,afdkgaLCBQ,SENSOR,5,2,25,31
71,13,jqOVEcRbwA,SENSOR,66,18,38,20
72,74,wFzrxWzOoj,SENSOR,1,48,47,63
73,68,AEpWpPctsf,SENSOR,22,3,40,67
74,85,jjbIJnyqbR,SENSOR,68,67,11,63
75,66,PmcaQfkNIp,SENSOR,64,66,70,74
76,73,GaxMmaCjCG,SENSOR,66,47,70,28
77,2,GZVrKujidF,SENSOR,28,71,47,2
78,4,OdNVoZUQVh,SENSOR,65,14,44,21
79,41,LCaeKaDqZj,SENSOR,74,73,76,41
80,35,poYrSQmWnw,SENSOR,56,5,73,10
81,48,iMoZYlgKCg,SENSOR,47,18,78,37
82,75,PrqiRMwOPR,SENSOR,52,55,50,9
83,1,NKzlwiZvGo,SENSOR,20,7,65,25
84,66,gbJUcRUFQb,SENSOR,33,18,50,10
85,95,PLsZHCPhvi,SENSOR,4,50,67,11
86,77,EcxjMeMrgo,SENSOR,14,27,48,7
87,90,agpvzUUbOP,SENSOR,50,68,17,28
88,24,hqVBQOJCUQ,SENSOR,76,71,75,24
89,4,UzIvHYFPuN,SENSOR,14,67,36,32
90,57,EICiFDcqla,SENSOR,19,76,26,26
91,3,gHmmecevSL,SENSOR,84,53,4,88
92,22,LwJcvvVebq,SENSOR,12,21,71,9
93,43,UIHRXDXtmH,SENSOR,40,15,20,73
94,46,vwUfdziKzO,SENSOR,88,73,8,32
95,11,hXJHUokZLZ,SENSOR,29,73,83,89
96,27,HfVxLnqoaO,SENSOR,69,52,89,51
97,56,SvJgFMYMEr,SENSOR,72,70,36,49
98,27,ezuOZFAycd,SENSOR,24,6,94,92
99,18,YspdszQffQ,SENSOR,88,63,80,93
100,9,ItTqnSMLqq,SENSOR,82,14,91,54
101,44,DjwYhwLBjd,SENSOR,60,80,10,16
102,91,ofUaYztKif,SENSOR,3,39,39,88
103,51,YkbqUkkOnm,SENSOR,71,95,41,73
104,17,kvMayHNfHY,SENSOR,92,39,86,92
105,80,xSqiWlsuQG,SENSOR,86,7,98,70
106,28,VcWfMtxEOC,SENSOR,3,79,59,91
107,51,EoNczIcUUF,SENSOR,105,23,96,22
108,17,KDvneeozEo,SENSOR,70,44,52,45
109,19,xkpBfiqhdM,SENSOR,20,94,44,81
110,91,eybXrtASNR,SENSOR,46,13,9,40
111,43,ZpwhLseOuN,SENSOR,101,29,108,105
112,57,aIXYKjcArL,SENSOR,40,11,109,33
113,10,sVNroUPrBm,SENSOR,15,45,34,93
114,92,KAFXTxbFlA,SENSOR,98,7,111,33
115,41,kvYLwkKMoA,SENSOR,64,85,9,79
116,12,imjyEjRRoH,SENSOR,33,108,31,10
117,31,dATzLKhrds,SENSOR,87,47,89,74
118,89,dHmAaIkwpF,SENSOR,4,3,86,72
119,38,OlJltGgCOo,SENSOR,29,10,27,69
120,74,hanExaOqgT,SENSOR,111,27,86,38
121,36,hKQIGyhQLY,SENSOR,99,107,55,107
122,18,PGlhlrHqUx,SENSOR,56,79,87,37
123,43,mWNFcbIAoa,SENSOR,51,67,113,15
124,15,lqKZAmtLcr,SENSOR,11,99,81,23
125,14,rFRzEcTerQ,SENSOR,95,53,61,85
126,85,bUnHjDhmDn,SENSOR,25,15,66,55
127,6,EbFFHeHGDY,SENSOR,34,73,71,7
128,40,XcrSbNarse,SENSOR,88,62,70,68
129,67,qqwFCwctKh,SENSOR,65,36,105,8
130,6,KiWMZasqdI,SENSOR,71,50,4,89
131,1,xNUloTlulX,SENSOR,6,68,76,127
132,32,phHHKqKaDp,SENSOR,84,4,113,94
133,74,RsOaJrpszl,SENSOR,42,100,51,63
134,18,EWnXbovTqR,SENSOR,86,121,11,27
135,9,VTASBIKkwK,SENSOR,94,39,134,129
136,74,lmBJTOmtji,SENSOR,108,92,107,130
137,44,CVvbnlKGKr,SENSOR,40,108,55,112
138,15,NDolzQaSSh,SENSOR,39,48,132,80
139,94,HnRPZiAPrU,SENSOR,14,97,107,50
140,32,YPVzvvXOdu,SENSOR,97,121,34,2
141,21,ZUrtSyYDhQ,SENSOR,54,138,87,138
142,81,UAyErhGVWJ,SENSOR,8,88,124,32
143,28,yNcfWRBihA,SENSOR,82,33,62,13
144,84,msDWnJlFQq,SENSOR,11,11,11,138
145,37,VqZIFqEpNV,SENSOR,41,49,56,83
146,84,eaeMmCamOX,SENSOR,61,5,132,38
147,23,AkuMXQiYcL,SENSOR,126,118,44,95
148,76,IuuDIhtfMB,SENSOR,136,108,146,88
149,47,RsBAxMNRJS,SENSOR,119,82,133,91
150,32,dRzYwUlGUS,SENSOR,135,75,49,18
151,80,KKtMWdJtjq,SENSOR,106,40,46,150
152,18,eiHloIpYPs,SENSOR,27,6,32,115
153,72,cjgigouBIq,SENSOR,50,149,125,27
154,62,EfIJROFWZu,SENSOR,30,29,134,2
155,14,MwvhENtnhp,SENSOR,38,133,109,71
156,43,jYGffwdjHE,SENSOR,24,96,46,83
157,99,YxbYMkmFQR,SENSOR,48,139,124,136
158,54,psuZqMdJXH,SENSOR,13,19,83,41
159,29,JRQrIjjlsn,SENSOR,99,74,112,9
160,30,pzonjHiiwD,SENSOR,89,50,49,42
161,42,wVqcCJZemz,SENSOR,115,71,72,150
162,4,QyqvzsmaVC,SENSOR,105,93,38,111
163,98,cMqCaFAvxH,SENSOR,92,121,96,141
164,0,SHZfoKEteN,SENSOR,28,120,57,35
165,96,QTjFYculpf,SENSOR,153,105,47,97
166,77,PYNyUVZynj,SENSOR,59,42,111,94
167,1,WSfxyCsSES,SENSOR,52,64,29,146
168,93,kpUJMIScJl,SENSOR,128,162,72,144
169,48,oBwbxfhJFo,SENSOR,92,26,126,96
170,65,FJIUHTZZvv,SENSOR,73,76,46,55
171,1,uFHOJEucVT,SENSOR,71,37,68,132
172,56,cKHeJWhCbz,SENSOR,100,138,124,117
173,31,HYotvCqTdX,SENSOR,130,155,26,170
174,78,RMruWIAfez,SENSOR,20,129,22,8
175,0,WXgNpSuZkU,SENSOR,34,68,37,145
176,65,LCefYpUAUw,SENSOR,44,111,54,21
177,53,gyxoBXMCeY,SENSOR,76,15,17,8
178,33,vFZpujSAuD,SENSOR,80,160,91,35
179,60,yLfwHVKxaB,SENSOR,4,10,153,33
180,13,MYgtuxnPat,SENSOR,3,99,157,91
181,3,axgXQrJCzm,SENSOR,5,37,28,30
182,26,TqkvcwVtbp,SENSOR,95,51,159,79
183,66,mNPCwuFhvI,SENSOR,10,159,165,54
184,19,prctwbSTLH,SENSOR,28,79,169,169
185,5,EJEfkHwTlp,SENSOR,26,88,94,43
186,11,olFhzPmewG,SENSOR,8,130,116,47
187,79,uIeQvkZKmg,SENSOR,122,168,128,132
188,48,UpWaVCwtKc,SENSOR,107,13,57,55
189,59,VjkSJoZIrl,SENSOR,86,163,21,176
190,16,xvbiyuJzQk,SENSOR,172,7,93,102
191,46,LNlRPCshnP,SENSOR,141,161,4,46
192,66,IOYSmaviHr,SENSOR,148,69,77,58
193,50,dYlWjcrRJZ,SENSOR,127,5,191,37
194,74,KLVeEuhtUs,SENSOR,66,28,172,145
195,3,AIkUSRhVOL,SENSOR,89,117,133,139
196,67,QRxLXTgedd,SENSOR,176,157,163,31
197,47,pOYrefmNTF,SENSOR,30,59,53,194
198,51,oKrNwqSkjR,SENSOR,194,119,26,122
199,80,yqLPKPPkxA,SENSOR,22,133,95,33
id,message,type,device_id,hub_id
1,uIWMfvPpOLcRqGmgPYqV,INFO,1,1
2,QXUwIYGDvfgjVaGxAkgQ,CRITICAL,1,1
3,tWKpQlLdBioLEFnjcGAe,WARNING,1,1
4,DwDmIOOmKmTBfONotmib,CRITICAL,2,3
5,jpjEFjexwmwAHDrWoxug,WARNING,4,3
6,pEfsmVBaHrYniTIxfUPt,INFO,5,1
7,vTkdxaVhgXWgiyScptfg,INFO,2,6
8,xqcnbHNFVSUMPhYcNVYe,CRITICAL,7,1
9,nDmgMnDacltujsmtCMWt,INFO,4,5
10,lblQykCwNfsWRiYacVif,WARNING,7,7
11,LVTPObpPoKoRRUCMqWXi,CRITICAL,1,6
12,GVcBVGinrvqqTZWkenSI,WARNING,2,5
13,MItBcniyIkOiKADlxlpC,CRITICAL,11,12
14,IeuAwwVnVIeBuhYCCFmc,WARNING,9,3
15,aqASoDOnLkkkDEutrlDM,WARNING,2,3
16,SZYKGlLJAXjPNxwXpGHS,INFO,6,2
17,LXqsdxZTeOAOtueMVCvS,CRITICAL,3,1
18,igAoeYZXnrcAVFMEgHDh,WARNING,17,14
19,IiavNFXmXatjTKdsdtIx,CRITICAL,17,3
20,SVHlWBZsNEQIgXIoLOOL,WARNING,7,8
21,OvgvKZYQnYnGDOjaxvJx,CRITICAL,7,2
22,PcouygwDoMuLtZtDferq,WARNING,17,1
23,pFlZeDgafLNJKRzuOptv,WARNING,22,10
24,oxNoZPbrFUkpWmJLNhCU,INFO,7,1
25,qasDHLopVZBvxWFKjuRu,INFO,1,9
26,RpoRoBZvXlqSsNJBprAc,CRITICAL,23,7
27,CCAQceZBQczRorQSttgJ,INFO,21,18
28,NKcZxdUzSkRiTvxpBmul,CRITICAL,19,15
29,HpfbSSHOzGLqRsRsAvik,WARNING,23,9
30,VzBkODwiYgNanXpgJTVj,WARNING,23,17
31,BKWViRKjHZgkdylYstSK,WARNING,26,13
32,ycsxxHpgZbOniCAlEboo,CRITICAL,3,4
33,CCedxQFjRmxdxCOMuXbD,WARNING,10,6
34,WgRxPbxBxDezhHqnTONe,INFO,5,6
35,NtTtJhNcsVLzouZdeqgY,WARNING,17,9
36,FDxTrBxqSlUbtbaCSaSQ,WARNING,13,32
37,sBLWjspOOiYwfmKMGnEu,CRITICAL,4,19
38,RMtsrNakFaYnTVWWbIOa,CRITICAL,7,4
39,GxzQohZgojVqBWStAiml,INFO,16,20
40,lXhwUzlbbTiZrnFgjbbM,WARNING,7,20
41,PUBNpqGDoUtHdyapjkeu,INFO,8,35
42,MQiMUTrFfBrDfLENfQaG,CRITICAL,5,26
43,DNlEBsHMDwMInkEfboih,INFO,25,42
44,xjwhCUSCOafKNfJpNSlB,WARNING,29,23
45,ybqadAaFlAifAMJuyCiy,WARNING,39,34
46,GFTzpWobCZLPKJaqOHPV,INFO,27,25
47,uZPCeowXvuWhoPqYwdhH,INFO,16,39
48,miYoZiMZhtGeHpWJyFky,CRITICAL,41,37
49,YKrlTzLCtyADaRdIdNzu,WARNING,22,48
50,qrVeQKRlOqDTFzlOGaSm,CRITICAL,46,7
51,PKuQMzNTzuOULUladZGj,INFO,48,40
52,cuJlrFktfynSMSXuhNNp,INFO,9,7
53,PPshIbjizrCKRJxxNIGL,CRITICAL,7,5
54,apflSmOvPKCvvCxKgkdi,CRITICAL,8,8
55,tkWlKjKQxTUzMkAaZqag,CRITICAL,21,6
56,fFqDPorkGChlFAVaQQDD,CRITICAL,50,48
57,YUJPsjIOHgymVTKFcmZI,INFO,47,27
58,FjCzFLxjkwkOoWffbebF,CRITICAL,42,20
59,GRsXaTlacLQlQkDszvqN,WARNING,51,20
60,kxTdefahRIXYokGjctEk,WARNING,6,52
61,QWzhCbtkykjhFFdptqtJ,WARNING,4,54
62,JbWxqwaEwiAtnjKKfkLR,INFO,42,4
63,ZrYBidsQOICYDqDiUxxv,INFO,29,4
64,dSHmBSFIyieJrACBKMhD,INFO,50,28
65,SqSWXWTjrdqktvrSdjcB,WARNING,5,31
66,NunVpHEOeVKAYOPIjcvJ,CRITICAL,24,34
67,UGZnQkGpFBcIzAVDdHeR,WARNING,28,50
68,SsiBAjEStBJnGTLnOJNt,WARNING,15,8
69,HybLbOwPfnNeEHdEhDDQ,CRITICAL,63,6
70,NKDSpPJtcUJvoSvhssoW,WARNING,44,31
71,bfNhpExzItFuEcTlbbON,INFO,45,12
72,UqiKBNpSiTPOAzBhxbja,WARNING,53,6
73,pDvUDYcSVFhLuQvFYUMh,WARNING,12,10
74,daqNBYcJlpONgTHMPlAt,WARNING,25,32
75,CVmoglvbnmywWDkknTiR,INFO,56,25
76,ACgtnsRBvkLKNaUDNzkq,CRITICAL,48,13
77,lyPBjmKbUkZLvugzBlSL,INFO,43,1
78,UGXNlWqRcmFZdGVPCCgt,CRITICAL,64,61
79,tHiZqNrezVYNirsXcCMR,INFO,33,34
80,TuwgrWHhrIvCqNbsEkUG,WARNING,36,76
81,weDGWToLeyfBqsBUmvkB,CRITICAL,9,65
82,fOPEkucVwJKUhAjULaBO,CRITICAL,2,22
83,VWVMCburDeUIdjJAaJyk,INFO,52,30
84,hQOTbChNnxJRBCvWHmWQ,INFO,33,71
85,YagXABUVTZFrpUzVrSNE,WARNING,31,37
86,iwKTgQiHfRGtuscXdySh,INFO,12,17
87,WHzCHDNBIMMLPodhRarI,INFO,35,50
88,SJylpdRaomhUuenINBJi,WARNING,59,13
89,MpTlUFwXaWvKwxNxCUZd,WARNING,62,70
90,sffQRYXuVEplddMNGFeN,CRITICAL,28,21
91,DWGkzXopmsQBRdjOwIks,CRITICAL,3,35
92,OCvPActfXelIoAzoNKre,WARNING,39,87
93,ZifEDugCxbIgbRUGwJrB,CRITICAL,35,43
94,aDmbbceJIEHFsbNzudXk,CRITICAL,18,40
95,XVIkZZKGCSyNBrVJnQcd,WARNING,6,7
96,YLJkoQmUMEaSHBAaeoBb,WARNING,91,19
97,UGnrKVHXaEjihVkVCeZF,CRITICAL,5,84
98,XTWiURUvWlwFHWyxqigQ,WARNING,65,72
99,idULGqfZYmPtGhiQMKHU,INFO,36,30
100,wGCXMRvvUUmGCqaTINlj,CRITICAL,96,27
101,KjaOSxFWuoHJAhZwBhEV,CRITICAL,75,99
102,aDflzbAJdCUHnKBHWiwY,CRITICAL,53,71
103,abiuNXLjGegfVXcLHaRV,INFO,102,49
104,qxYiTDnCEdAoYjnFsTed,CRITICAL,78,80
105,MazvVnRzIRMPgZGNnPjV,INFO,56,31
106,TVotgsKUqFwSxpGgLfkK,WARNING,67,93
107,UomdQVvueoAKJMMeatZt,INFO,36,44
108,mpQgvytvivmYikAEsjkL,INFO,78,73
109,pvhnpyjbGACNGcgLSYdy,WARNING,40,51
110,EzNQshBkBUhzTCIoxWLD,CRITICAL,71,94
111,ORvLZCMPeVXOKQvcFicB,CRITICAL,19,27
112,lszprKxlpTsBqLjqNGQO,INFO,5,46
113,UKqsOTSbZGpCovOhFhMk,WARNING,21,103
114,glesrLDTjRIdozjganbh,CRITICAL,74,96
115,VnYhaEvviNHXQhWtycwB,INFO,31,32
116,RmYJdYEfufixZeEDlMAa,INFO,59,86
117,uXvQcGRvgNEWNbsnqdtX,INFO,115,26
118,nVhiIrkoTWyuBKDzDTTN,WARNING,27,35
119,TrZPPSayQlYHVHDuNsJb,CRITICAL,109,34
120,kEFLcrheFLJVWBYKFSgy,CRITICAL,72,18
121,snAycxThWiniFZeYBAHL,CRITICAL,1,77
122,gZtGqEDvhqDDxoVGnvSP,WARNING,62,105
123,BMRpRtABuCqTSdxrNpbI,WARNING,83,118
124,doRxzMIsjoLXcNbzANro,CRITICAL,53,86
125,RpzKZZRgugSBcGVTSirH,INFO,64,108
126,iTrQJFQZeWnjNciMngvJ,WARNING,82,23
127,mtQPJMBCaNoENQfqSxmJ,INFO,7,12
128,AicoLbEvigAcfripprtn,CRITICAL,16,90
129,nbVeReOGkKOvWsixUMAs,WARNING,45,118
130,fVVBzJXHdItuhMBOXNTg,WARNING,35,107
131,xltWiPJMgauTLXAukHKu,WARNING,79,71
132,XEqSutaXMhfVbMMHjeOh,CRITICAL,70,3
133,WgqhdHDKrgnWYAqdOvRT,CRITICAL,61,95
134,VnPkBarWbfCjEQhvZTXQ,WARNING,84,2
135,rWwbhvRbwaNVAEAmZpSs,CRITICAL,43,132
136,NKCpWfhbgxQpraphieJA,CRITICAL,116,82
137,ULFyAUJqMmqxHRiCxOfC,INFO,119,111
138,VoGqlElkaDPfbkdWAJQa,WARNING,137,50
139,eFmkYyMHdJpqjelHJaqP,CRITICAL,42,68
140,vihHZjESIxNploxLZaxN,CRITICAL,104,34
141,PFZbReYNeyNCwojhKyzi,CRITICAL,37,118
142,FBMbluNOwEqpObUbFkRF,CRITICAL,121,77
143,WUBiRFlFZkGMODxUkRvw,INFO,18,66
144,xfaWZfTpMYqypdzNqMRg,WARNING,15,117
145,WgjsnngLYppiacpYrZdh,WARNING,119,95
146,yFIDjlHAbumbGdcIpSYY,INFO,74,81
147,buABKyaWUqTxVOCHwcYf,INFO,10,113
148,hfCtIxqhMCDqfMNNLlIr,WARNING,71,13
149,cktMZuSUmAYFyTGVPulc,CRITICAL,138,52
150,uyaqjbxIKDqlsuADMcIX,CRITICAL,130,22
151,bixpstWCeQUjKUZVfhBF,WARNING,148,19
152,KmCjBcvVbZxKltITGWOs,CRITICAL,74,128
153,rGfmIkuthjlBmYlycwou,WARNING,126,100
154,mfejxWACvelnLtKfVtXo,WARNING,9,146
155,TUQaIRPWkRKaNJTrkieB,CRITICAL,43,108
156,cXtaOVCnvgzkSOvkAHgZ,INFO,74,5
157,HhTbVthRJecXZeGMqUdc,WARNING,124,20
158,TWRQxxznUumchbLyGLIN,INFO,49,136
159,aqvEkGOfImlavlTOUKLZ,INFO,125,111
160,pvSWXuotBMuxaiNBnsQr,CRITICAL,34,86
161,nUXVneLjQWwHfYkcBWyu,WARNING,68,34
162,nDJLyJvORnLQxeugapTZ,INFO,97,122
163,dJCcVBSOSzfFsXQxbIcX,INFO,111,2
164,INUjklyoFhWozZQydgJo,WARNING,108,138
165,TKOnHfwaStYdPUXhDlgO,CRITICAL,116,34
166,gkhEaCbWVvRYcxdZKRJr,WARNING,53,127
167,VbGeFgGkSRdbkrklHlsC,INFO,127,120
168,UeqbMehasRYziSdcVEzc,CRITICAL,45,127
169,kEdFhqtckqZzRsQpScXN,WARNING,21,109
170,qJKTFQSTknyEXiiLHlAq,INFO,116,149
171,GAcYarnjTPcsJhzedvsA,CRITICAL,127,165
172,MYUjKmgEkGSBgzPDsson,INFO,128,104
173,vcucjQoRSZnKXMPkClTm,WARNING,115,15
174,IcUmsPDCPsAnZVqXwHHF,WARNING,53,80
175,sJoyZBinaVMetBbVmfRE,CRITICAL,110,20
176,TaHQuoiEkckJLPRIXOPk,INFO,5,164
177,qjeGnLXlBPdRphjMAMsr,CRITICAL,60,68
178,qRCUyphbaZlTCLLfxzjg,CRITICAL,164,45
179,vEjnORErVBVXTPhUxemg,WARNING,68,70
180,XIhWPJQLCdlAaravIUlm,INFO,62,1
181,yAszecqdSPdgkuqpnWcy,INFO,153,147
182,YFgghxPANmjoltaURiuH,WARNING,82,155
183,odoMdglbIlTLanMvXZRT,WARNING,180,178
184,LvfJDCirFmaSIhpXiNyH,WARNING,125,108
185,uFOzDWCdbxWolhwFvkDl,WARNING,40,56
186,qxlhOqMOsTGFWtyvQdeb,INFO,146,30
187,ImMhnqHcXZvDANcaKdgf,CRITICAL,164,17
188,GXdDARitFzKLfDmqOGXc,INFO,146,28
189,BeivWuIvxoZVZjkxEYNQ,WARNING,47,57
190,IJKduHllPkxaauFJokwq,INFO,87,153
191,LpIEbRlSghGyiiJYlrDH,CRITICAL,181,76
192,sujWxnvMlLYBARySDaDK,WARNING,45,185
193,nxHpuXMobZFHDdYGMFEf,INFO,186,100
194,SgeCKIpgMjqxfoBdOkSC,CRITICAL,68,166
195,NAWPnWEfVXyggopDNSAD,WARNING,17,22
196,cBPkifFZoehmfwmbJTMw,WARNING,164,64
197,pRjuBZfHubrqWIBfqltB,CRITICAL,33,144
198,NehQTXdGqauxRpOYWYYf,CRITICAL,32,52
199,fXPqAlDrmVhZRZLljFQS,INFO,165,184
